89, 427, 435, 438, 437
190, 429, 436, 438, 435
191, 430, 437, 438, 436
192, 407, 439, 442, 441
193, 411, 440, 442, 439
194, 420, 441, 442, 440
195, 293, 443, 446, 445
196, 377, 444, 446, 443
197, 379, 445, 446, 444
198, 342, 447, 450, 449
199, 279, 448, 450, 447
200, 378, 449, 450, 448
201, 193, 451, 454, 453
202, 161, 162, 454, 451
203, 163, 452, 454, 162
204, 211, 453, 454, 452
205, 123, 455, 458, 122
206, 227, 456, 458, 455
207, 188, 457, 458, 456
208, 121, 122, 458, 457
209, 99, 459, 462, 98
210, 228, 460, 462, 459
211, 189, 461, 462, 460
212, 97, 98, 462, 461
213, 49, 50, 466, 465
214, 51, 463, 466, 50
215, 219, 464, 466, 463
216, 192, 465, 466, 464
217, 38, 39, 470, 469
218, 40, 467, 470, 39
219, 203, 468, 470, 467
220, 215, 469, 470, 468
221, 185, 471, 474, 473
222, 167, 168, 474, 471
223, 169, 472, 474, 168
224, 212, 473, 474, 472
225, 199, 475, 478, 477
226, 173, 174, 478, 475
227, 175, 476, 478, 174
228, 216, 477, 478, 476
229, 20, 21, 482, 481
230, 22, 479, 482, 21
231, 183, 480, 482, 479
232, 214, 481, 482, 480
233, 181, 483, 486, 485
234, 226, 484, 486, 483
235, 114, 115, 486, 484
236, 116, 485, 486, 115
237, 198, 487, 490, 489
238, 207, 488, 490, 487
239, 82, 83, 490, 488
240, 84, 489, 490, 83
241, 179, 180, 493, 492
242, 1, 9, 493, 180
243, 10, 491, 493, 9
244, 218, 492, 493, 491
245, 14, 15, 497, 496
246, 16, 494, 497, 15
247, 200, 495, 497, 494
248, 217, 496, 497, 495
249, 2, 44, 500, 43
250, 45, 498, 500, 44
251, 220, 499, 500, 498
252, 42, 43, 500, 499
253, 203, 467, 502, 501
254, 40, 41, 502, 467
255, 42, 499, 502, 41
256, 220, 501, 502, 499
257, 7, 135, 505, 134
258, 136, 503, 505, 135
259, 224, 504, 505, 503
260, 133, 134, 505, 504
261, 224, 506, 508, 504
262, 205, 507, 508, 506
263, 131, 132, 508, 507
264, 133, 504, 508, 132
265, 201, 509, 512, 511
266, 223, 510, 512, 509
267, 138, 139, 512, 510
268, 140, 511, 512, 139
269, 91, 92, 516, 515
270, 93, 513, 516, 92
271, 222, 514, 516, 513
272, 221, 515, 516, 514
273, 223, 517, 518, 510
274, 224, 503, 518, 517
275, 136, 137, 518, 503
276, 138, 510, 518, 137
277, 91, 515, 520, 90
278, 221, 519, 520, 515
279, 88, 89, 520, 519
280, 4, 90, 520, 89
281, 220, 498, 523, 522
282, 45, 46, 523, 498
283, 47, 521, 523, 46
284, 259, 522, 523, 521
285, 47, 48, 525, 521
286, 49, 465, 525, 48
287, 192, 524, 525, 465
288, 259, 521, 525, 524
289, 177, 178, 528, 527
290, 179, 492, 528, 178
291, 218, 526, 528, 492
292, 257, 527, 528, 526
293, 18, 19, 531, 530
294, 20, 481, 531, 19
295, 214, 529, 531, 481
296, 256, 530, 531, 529
297, 175, 176, 533, 476
298, 177, 527, 533, 176
299, 257, 532, 533, 527
300, 216, 476, 533, 532
301, 53, 54, 537, 536
302, 55, 534, 537, 54
303, 190, 535, 537, 534
304, 251, 536, 537, 535
305, 238, 538, 541, 540
306, 305, 539, 541, 538
307, 199, 477, 541, 539
308, 216, 540, 541, 477
309, 16, 17, 543, 494
310, 18, 530, 543, 17
311, 256, 542, 543, 530
312, 200, 494, 543, 542
313, 189, 544, 546, 461
314, 263, 545, 546, 544
315, 95, 96, 546, 545
316, 97, 461, 546, 96
317, 302, 547, 550, 549
318, 237, 548, 550, 547
319, 192, 464, 550, 548
320, 219, 549, 550, 464
321, 36, 37, 553, 552
322, 38, 469, 553, 37
323, 215, 551, 553, 469
324, 255, 552, 553, 551
325, 200, 554, 557, 495
326, 254, 555, 557, 554
327, 309, 556, 557, 555
328, 217, 495, 557, 556
329, 32, 33, 561, 560
330, 34, 558, 561, 33
331, 184, 559, 561, 558
332, 250, 560, 561, 559
333, 51, 52, 563, 463
334, 53, 536, 563, 52
335, 251, 562, 563, 536
336, 219, 463, 563, 562
337, 28, 29, 567, 566
338, 30, 564, 567, 29
339, 202, 565, 567, 564
340, 249, 566, 567, 565
341, 112, 113, 570, 569
342, 114, 484, 570, 113
343, 226, 568, 570, 484
344, 261, 569, 570, 568
345, 118, 119, 574, 573
346, 6, 571, 574, 119
347, 225, 572, 574, 571
348, 265, 573, 574, 572
349, 24, 25, 578, 577
350, 26, 575, 578, 25
351, 213, 576, 578, 575
352, 248, 577, 578, 576
353, 171, 172, 581, 580
354, 173, 475, 581, 172
355, 199, 579, 581, 475
356, 252, 580, 581, 579
357, 372, 582, 586, 585
358, 315, 583, 586, 582
359, 384, 584, 586, 583
360, 418, 585, 586, 584
361, 57, 58, 590, 589
362, 59, 587, 590, 58
363, 191, 588, 590, 587
364, 247, 589, 590, 588
365, 192, 548, 593, 524
366, 237, 591, 593, 548
367, 306, 592, 593, 591
368, 259, 524, 593, 592
369, 335, 594, 597, 596
370, 309, 555, 597, 594
371, 254, 595, 597, 555
372, 371, 596, 597, 595
373, 95, 545, 599, 94
374, 263, 598, 599, 545
375, 222, 513, 599, 598
376, 93, 94, 599, 513
377, 203, 501, 601, 600
378, 220, 522, 601, 501
379, 259, 592, 601, 522
380, 306, 600, 601, 592
381, 86, 87, 604, 603
382, 88, 519, 604, 87
383, 221, 602, 604, 519
384, 260, 603, 604, 602
385, 108, 109, 608, 607
386, 110, 605, 608, 109
387, 182, 606, 608, 605
388, 262, 607, 608, 606
389, 34, 35, 610, 558
390, 36, 552, 610, 35
391, 255, 609, 610, 552
392, 184, 558, 610, 609
393, 339, 611, 614, 613
394, 371, 595, 614, 611
395, 254, 612, 614, 595
396, 284, 613, 614, 612
397, 165, 166, 617, 616
398, 167, 471, 617, 166
399, 185, 615, 617, 471
400, 246, 616, 617, 615
401, 208, 618, 621, 620
402, 272, 619, 621, 618
403, 142, 143, 621, 619
404, 144, 620, 621, 143
405, 61, 62, 625, 624
406, 63, 622, 625, 62
407, 209, 623, 625, 622
408, 245, 624, 625, 623
409, 30, 31, 627, 564
410, 32, 560, 627, 31
411, 250, 626, 627, 560
412, 202, 564, 627, 626
413, 183, 628, 631, 480
414, 231, 629, 631, 628
415, 300, 630, 631, 629
416, 214, 480, 631, 630
417, 26, 27, 633, 575
418, 28, 566, 633, 27
419, 249, 632, 633, 566
420, 213, 575, 633, 632
421, 65, 66, 637, 636
422, 67, 634, 637, 66
423, 196, 635, 637, 634
424, 244, 636, 637, 635
425, 270, 638, 641, 640
426, 266, 639, 641, 638
427, 225, 571, 641, 639
428, 6, 640, 641, 571
429, 302, 549, 644, 643
430, 219, 562, 644, 549
431, 251, 642, 644, 562
432, 301, 643, 644, 642
433, 181, 485, 646, 645
434, 116, 117, 646, 485
435, 118, 573, 646, 117
436, 265, 645, 646, 573
437, 182, 605, 648, 647
438, 110, 111, 648, 605
439, 112, 569, 648, 111
440, 261, 647, 648, 569
441, 129, 130, 651, 650
442, 131, 507, 651, 130
443, 205, 649, 651, 507
444, 264, 650, 651, 649
445, 125, 126, 655, 654
446, 127, 652, 655, 126
447, 187, 653, 655, 652
448, 269, 654, 655, 653
449, 101, 102, 659, 658
450, 103, 656, 659, 102
451, 186, 657, 659, 656
452, 268, 658, 659, 657
453, 22, 23, 661, 479
454, 24, 577, 661, 23
455, 248, 660, 661, 577
456, 183, 479, 661, 660
457, 230, 662, 665, 664
458, 226, 483, 665, 662
459, 181, 663, 665, 483
460, 285, 664, 665, 663
461, 155, 156, 669, 668
462, 157, 666, 669, 156
463, 210, 667, 669, 666
464, 243, 668, 669, 667
465, 159, 160, 672, 671
466, 161, 451, 672, 160
467, 193, 670, 672, 451
468, 242, 671, 672, 670
469, 69, 70, 676, 675
470, 71, 673, 676, 70
471, 197, 674, 676, 673
472, 241, 675, 676, 674
473, 73, 74, 680, 679
474, 75, 677, 680, 74
475, 206, 678, 680, 677
476, 239, 679, 680, 678
477, 169, 170, 682, 472
478, 171, 580, 682, 170
479, 252, 681, 682, 580
480, 212, 472, 682, 681
481, 253, 683, 685, 684
482, 215, 468, 685, 683
483, 203, 600, 685, 468
484, 306, 684, 685, 600
485, 311, 686, 689, 688
486, 230, 687, 689, 686
487, 315, 582, 689, 687
488, 372, 688, 689, 582
489, 182, 690, 693, 606
490, 307, 691, 693, 690
491, 340, 692, 693, 691
492, 262, 606, 693, 692
493, 55, 56, 695, 534
494, 57, 589, 695, 56
495, 247, 694, 695, 589
496, 190, 534, 695, 694
497, 284, 612, 697, 696
498, 254, 554, 697, 612
499, 200, 542, 697, 554
500, 256, 696, 697, 542
501, 332, 698, 701, 700
502, 184, 609, 701, 698
503, 255, 699, 701, 609
504, 303, 700, 701, 699
505, 377, 702, 706, 705
506, 350, 703, 706, 702
507, 235, 704, 706, 703
508, 294, 705, 706, 704
509, 256, 529, 708, 696
510, 214, 630, 708, 529
511, 300, 707, 708, 630
512, 284, 696, 708, 707
513, 276, 709, 712, 711
514, 337, 710, 712, 709
515, 190, 694, 712, 710
516, 247, 711, 712, 694
517, 151, 152, 716, 715
518, 153, 713, 716, 152
519, 195, 714, 716, 713
520, 240, 715, 716, 714
521, 234, 717, 721, 720
522, 304, 718, 721, 717
523, 336, 719, 721, 718
524, 370, 720, 721, 719
525, 198, 489, 723, 722
526, 84, 85, 723, 489
527, 86, 603, 723, 85
528, 260, 722, 723, 603
529, 298, 724, 728, 727
530, 282, 725, 728, 724
531, 317, 726, 728, 725
532, 352, 727, 728, 726
533, 292, 729, 733, 732
534, 376, 730, 733, 729
535, 346, 731, 733, 730
536, 236, 732, 733, 731
537, 330, 734, 737, 736
538, 202, 626, 737, 734
539, 250, 735, 737, 626
540, 283, 736, 737, 735
541, 237, 547, 741, 740
542, 302, 738, 741, 547
543, 333, 739, 741, 738
544, 338, 740, 741, 739
545, 361, 742, 745, 744
546, 336, 718, 745, 742
547, 304, 743, 745, 718
548, 328, 744, 745, 743
549, 329, 746, 749, 748
550, 213, 632, 749, 746
551, 249, 747, 749, 632
552, 275, 748, 749, 747
553, 190, 710, 751, 535
554, 337, 750, 751, 710
555, 301, 642, 751, 750
556, 251, 535, 751, 642
557, 183, 660, 754, 628
558, 248, 752, 754, 660
559, 299, 753, 754, 752
560, 231, 628, 754, 753
561, 204, 755, 757, 756
562, 106, 107, 757, 755
563, 108, 607, 757, 107
564, 262, 756, 757, 607
565, 5, 105, 760, 759
566, 106, 755, 760, 105
567, 204, 758, 760, 755
568, 232, 759, 760, 758
569, 304, 717, 763, 762
570, 234, 761, 763, 717
571, 185, 473, 763, 761
572, 212, 762, 763, 473
573, 319, 764, 768, 767
574, 303, 765, 768, 764
575, 253, 766, 768, 765
576, 338, 767, 768, 766
577, 205, 506, 771, 770
578, 224, 517, 771, 506
579, 223, 769, 771, 517
580, 271, 770, 771, 769
581, 306, 591, 772, 684
582, 237, 740, 772, 591
583, 338, 766, 772, 740
584, 253, 684, 772, 766
585, 233, 773, 776, 775
586, 298, 727, 776, 773
587, 352, 774, 776, 727
588, 381, 775, 776, 774
589, 336, 777, 780, 719
590, 412, 778, 780, 777
591, 391, 779, 780, 778
592, 370, 719, 780, 779
593, 328, 781, 783, 782
594, 252, 579, 783, 781
595, 199, 539, 783, 579
596, 305, 782, 783, 539
597, 274, 784, 786, 785
598, 204, 756, 786, 784
599, 262, 692, 786, 756
600, 340, 785, 786, 692
601, 184, 698, 788, 559
602, 332, 787, 788, 698
603, 283, 735, 788, 787
604, 250, 559, 788, 735
605, 142, 619, 790, 141
606, 272, 789, 790, 619
607, 201, 511, 790, 789
608, 140, 141, 790, 511
609, 163, 164, 792, 452
610, 165, 616, 792, 164
611, 246, 791, 792, 616
612, 211, 452, 792, 791
613, 215, 683, 793, 551
614, 253, 765, 793, 683
615, 303, 699, 793, 765
616, 255, 551, 793, 699
617, 59, 60, 795, 587
618, 61, 624, 795, 60
619, 245, 794, 795, 624
620, 191, 587, 795, 794
621, 186, 796, 798, 657
622, 279, 447, 798, 796
623, 342, 797, 798, 447
624, 268, 657, 798, 797
625, 187, 799, 802, 653
626, 278, 800, 802, 799
627, 341, 801, 802, 800
628, 269, 653, 802, 801
629, 202, 734, 804, 565
630, 330, 803, 804, 734
631, 275, 747, 804, 803
632, 249, 565, 804, 747
633, 294, 704, 807, 806
634, 235, 805, 807, 704
635, 188, 456, 807, 805
636, 227, 806, 807, 456
637, 292, 732, 810, 809
638, 236, 808, 810, 732
639, 189, 460, 810, 808
640, 228, 809, 810, 460
641, 63, 64, 812, 622
642, 65, 636, 812, 64
643, 244, 811, 812, 636
644, 209, 622, 812, 811
645, 187, 652, 814, 813
646, 127, 128, 814, 652
647, 129, 650, 814, 128
648, 264, 813, 814, 650
649, 227, 455, 816, 815
650, 123, 124, 816, 455
651, 125, 654, 816, 124
652, 269, 815, 816, 654
653, 6, 120, 818, 640
654, 121, 457, 818, 120
655, 188, 817, 818, 457
656, 270, 640, 818, 817
657, 228, 459, 820, 819
658, 99, 100, 820, 459
659, 101, 658, 820, 100
660, 268, 819, 820, 658
661, 186, 656, 823, 822
662, 103, 104, 823, 656
663, 5, 821, 823, 104
664, 267, 822, 823, 821
665, 211, 824, 826, 453
666, 298, 773, 826, 824
667, 233, 825, 826, 773
668, 193, 453, 826, 825
669, 213, 746, 828, 576
670, 329, 827, 828, 746
671, 299, 752, 828, 827
672, 248, 576, 828, 752
673, 195, 829, 833, 832
674, 243, 830, 833, 829
675, 293, 831, 833, 830
676, 331, 832, 833, 831
677, 153, 154, 834, 713
678, 155, 668, 834, 154
679, 243, 829, 834, 668
680, 195, 713, 834, 829
681, 157, 158, 836, 666
682, 159, 671, 836, 158
683, 242, 835, 836, 671
684, 210, 666, 836, 835
685, 67, 68, 838, 634
686, 69, 675, 838, 68
687, 241, 837, 838, 675
688, 196, 634, 838, 837
689, 71, 72, 840, 673
690, 73, 679, 840, 72
691, 239, 839, 840, 679
692, 197, 673, 840, 839
693, 280, 841, 844, 843
694, 345, 842, 844, 841
695, 265, 572, 844, 842
696, 225, 843, 844, 572
697, 328, 743, 845, 781
698, 304, 762, 845, 743
699, 212, 681, 845, 762
700, 252, 781, 845, 681
701, 373, 846, 850, 849
702, 408, 847, 850, 846
703, 387, 848, 850, 847
704, 355, 849, 850, 848
705, 418, 584, 854, 853
706, 384, 851, 854, 584
707, 423, 852, 854, 851
708, 433, 853, 854, 852
709, 334, 855, 858, 857
710, 305, 538, 858, 855
711, 238, 856, 858, 538
712, 335, 857, 858, 856
713, 266, 859, 861, 639
714, 320, 860, 861, 859
715, 280, 843, 861, 860
716, 225, 639, 861, 843
717, 375, 862, 866, 865
718, 344, 863, 866, 862
719, 385, 864, 866, 863
720, 417, 865, 866, 864
721, 273, 867, 870, 869
722, 207, 487, 870, 867
723, 198, 868, 870, 487
724, 308, 869, 870, 868
725, 149, 150, 873, 872
726, 151, 715, 873, 150
727, 240, 871, 873, 715
728, 194, 872, 873, 871
729, 326, 874, 877, 876
730, 209, 811, 877, 874
731, 244, 875, 877, 811
732, 295, 876, 877, 875
733, 234, 720, 880, 879
734, 370, 878, 880, 720
735, 317, 725, 880, 878
736, 282, 879, 880, 725
737, 260, 602, 883, 882
738, 221, 514, 883, 602
739, 222, 881, 883, 514
740, 286, 882, 883, 881
741, 307, 690, 886, 885
742, 182, 647, 886, 690
743, 261, 884, 886, 647
744, 311, 885, 886, 884
745, 343, 887, 891, 890
746, 274, 888, 891, 887
747, 357, 889, 891, 888
748, 399, 890, 891, 889
749, 232, 758, 893, 892
750, 204, 784, 893, 758
751, 274, 887, 893, 784
752, 343, 892, 893, 887
753, 233, 775, 897, 896
754, 381, 894, 897, 775
755, 351, 895, 897, 894
756, 289, 896, 897, 895
757, 292, 809, 899, 898
758, 228, 819, 899, 809
759, 268, 797, 899, 819
760, 342, 898, 899, 797
761, 424, 900, 903, 902
762, 385, 901, 903, 900
763, 418, 853, 903, 901
764, 433, 902, 903, 853
765, 265, 842, 905, 645
766, 345, 904, 905, 842
767, 285, 663, 905, 904
768, 181, 645, 905, 663
769, 294, 806, 907, 906
770, 227, 815, 907, 806
771, 269, 801, 907, 815
772, 341, 906, 907, 801
773, 315, 687, 910, 909
774, 230, 664, 910, 687
775, 285, 908, 910, 664
776, 374, 909, 910, 908
777, 320, 911, 914, 860
778, 389, 912, 914, 911
779, 373, 913, 914, 912
780, 280, 860, 914, 913
781, 325, 915, 918, 917
782, 196, 837, 918, 915
783, 241, 916, 918, 837
784, 291, 917, 918, 916
785, 283, 919, 922, 736
786, 396, 920, 922, 919
787, 366, 921, 922, 920
788, 330, 736, 922, 921
789, 353, 923, 925, 924
790, 275, 803, 925, 923
791, 330, 921, 925, 803
792, 366, 924, 925, 921
793, 316, 926, 930, 929
794, 364, 927, 930, 926
795, 388, 928, 930, 927
796, 356, 929, 930, 928
797, 303, 764, 933, 700
798, 319, 931, 933, 764
799, 367, 932, 933, 931
800, 332, 700, 933, 932
801, 396, 919, 935, 934
802, 283, 787, 935, 919
803, 332, 932, 935, 787
804, 367, 934, 935, 932
805, 201, 936, 938, 509
806, 287, 937, 938, 936
807, 271, 769, 938, 937
808, 223, 509, 938, 769
809, 372, 585, 940, 939
810, 418, 901, 940, 585
811, 385, 863, 940, 901
812, 344, 939, 940, 863
813, 358, 941, 945, 944
814, 277, 942, 945, 941
815, 354, 943, 945, 942
816, 402, 944, 945, 943
817, 361, 744, 947, 946
818, 328, 782, 947, 744
819, 305, 855, 947, 782
820, 334, 946, 947, 855
821, 198, 722, 949, 868
822, 260, 882, 949, 722
823, 286, 948, 949, 882
824, 308, 868, 949, 948
825, 318, 950, 954, 953
826, 363, 951, 954, 950
827, 393, 952, 954, 951
828, 365, 953, 954, 952
829, 425, 955, 959, 958
830, 400, 956, 959, 955
831, 417, 957, 959, 956
832, 434, 958, 959, 957
833, 327, 960, 963, 962
834, 267, 961, 963, 960
835, 277, 941, 963, 961
836, 358, 962, 963, 941
837, 209, 874, 966, 623
838, 326, 964, 966, 874
839, 281, 965, 966, 964
840, 245, 623, 966, 965
841, 316, 967, 969, 968
842, 339, 613, 969, 967
843, 284, 707, 969, 613
844, 300, 968, 969, 707
845, 264, 970, 972, 813
846, 313, 971, 972, 970
847, 278, 799, 972, 971
848, 187, 813, 972, 799
849, 343, 973, 975, 892
850, 354, 942, 975, 973
851, 277, 974, 975, 942
852, 232, 892, 975, 974
853, 318, 976, 978, 977
854, 333, 738, 978, 976
855, 302, 643, 978, 738
856, 301, 977, 978, 643
857, 261, 568, 979, 884
858, 226, 662, 979, 568
859, 230, 686, 979, 662
860, 311, 884, 979, 686
861, 319, 980, 983, 931
862, 368, 981, 983, 980
863, 398, 982, 983, 981
864, 367, 931, 983, 982
865, 298, 824, 985, 724
866, 211, 791, 985, 824
867, 246, 984, 985, 791
868, 282, 724, 985, 984
869, 196, 915, 987, 635
870, 325, 986, 987, 915
871, 295, 875, 987, 986
872, 244, 635, 987, 875
873, 276, 988, 992, 991
874, 323, 989, 992, 988
875, 397, 990, 992, 989
876, 362, 991, 992, 990
877, 197, 993, 995, 674
878, 321, 994, 995, 993
879, 291, 916, 995, 994
880, 241, 674, 995, 916
881, 337, 709, 998, 997
882, 276, 991, 998, 709
883, 362, 996, 998, 991
884, 363, 997, 998, 996
885, 310, 999, 1002, 1001
886, 296, 1000, 1002, 999
887, 266, 638, 1002, 1000
888, 270, 1001, 1002, 638
889, 300, 629, 1004, 968
890, 231, 1003, 1004, 629
891, 364, 926, 1004, 1003
892, 316, 968, 1004, 926
893, 398, 1005, 1009, 1008
894, 394, 1006, 1009, 1005
895, 414, 1007, 1009, 1006
896, 416, 1008, 1009, 1007
897, 366, 1010, 1013, 924
898, 415, 1011, 1013, 1010
899, 390, 1012, 1013, 1011
900, 353, 924, 1013, 1012
901, 335, 596, 1016, 857
902, 371, 1014, 1016, 596
903, 369, 1015, 1016, 1014
904, 334, 857, 1016, 1015
905, 323, 988, 1018, 1017
906, 276, 711, 1018, 988
907, 247, 588, 1018, 711
908, 191, 1017, 1018, 588
909, 339, 967, 1021, 1020
910, 316, 929, 1021, 967
911, 356, 1019, 1021, 929
912, 395, 1020, 1021, 1019
913, 333, 976, 1024, 1023
914, 318, 953, 1024, 976
915, 365, 1022, 1024, 953
916, 368, 1023, 1024, 1022
917, 312, 1025, 1027, 1026
918, 286, 881, 1027, 1025
919, 222, 598, 1027, 881
920, 263, 1026, 1027, 598
921, 399, 1028, 1030, 890
922, 407, 1029, 1030, 1028
923, 354, 973, 1030, 1029
924, 343, 890, 1030, 973
925, 403, 1031, 1033, 1032
926, 317, 878, 1033, 1031
927, 370, 779, 1033, 878
928, 391, 1032, 1033, 779
929, 301, 750, 1034, 977
930, 337, 997, 1034, 750
931, 363, 950, 1034, 997
932, 318, 977, 1034, 950
933, 324, 1035, 1037, 1036
934, 364, 1003, 1037, 1035
935, 231, 753, 1037, 1003
936, 299, 1036, 1037, 753
937, 368, 980, 1038, 1023
938, 319, 767, 1038, 980
939, 338, 739, 1038, 767
940, 333, 1023, 1038, 739
941, 384, 583, 1041, 1040
942, 315, 909, 1041, 583
943, 374, 1039, 1041, 909
944, 419, 1040, 1041, 1039
945, 191, 794, 1043, 1017
946, 245, 965, 1043, 794
947, 281, 1042, 1043, 965
948, 323, 1017, 1043, 1042
949, 371, 611, 1045, 1014
950, 339, 1020, 1045, 611
951, 395, 1044, 1045, 1020
952, 369, 1014, 1045, 1044
953, 419, 1039, 1048, 1047
954, 374, 1046, 1048, 1039
955, 355, 848, 1048, 1046
956, 387, 1047, 1048, 848
957, 267, 821, 1049, 961
958, 5, 759, 1049, 821
959, 232, 974, 1049, 759
960, 277, 961, 1049, 974
961, 271, 1050, 1051, 770
962, 313, 970, 1051, 1050
963, 264, 649, 1051, 970
964, 205, 770, 1051, 649
965, 386, 1052, 1055, 1054
966, 360, 1053, 1055, 1052
967, 353, 1012, 1055, 1053
968, 390, 1054, 1055, 1012
969, 195, 832, 1058, 714
970, 331, 1056, 1058, 832
971, 290, 1057, 1058, 1056
972, 240, 714, 1058, 1057
973, 372, 939, 1060, 688
974, 344, 1059, 1060, 939
975, 307, 885, 1060, 1059
976, 311, 688, 1060, 885
977, 417, 864, 1062, 957
978, 385, 900, 1062, 864
979, 424, 1061, 1062, 900
980, 434, 957, 1062, 1061
981, 279, 796, 1064, 1063
982, 186, 822, 1064, 796
983, 267, 960, 1064, 822
984, 327, 1063, 1064, 960
985, 329, 748, 1066, 1065
986, 275, 923, 1066, 748
987, 353, 1053, 1066, 923
988, 360, 1065, 1066, 1053
989, 322, 1067, 1069, 1068
990, 293, 830, 1069, 1067
991, 243, 667, 1069, 830
992, 210, 1068, 1069, 667
993, 263, 544, 1071, 1026
994, 189, 808, 1071, 544
995, 236, 1070, 1071, 808
996, 312, 1026, 1071, 1070
997, 394, 1005, 1073, 1072
998, 398, 981, 1073, 1005
999, 368, 1022, 1073, 981
1000, 365, 1072, 1073, 1022
1001, 360, 1074, 1075, 1065
1002, 324, 1036, 1075, 1074
1003, 299, 827, 1075, 1036
1004, 329, 1065, 1075, 827
1005, 80, 81, 1078, 1077
1006, 82, 488, 1078, 81
1007, 207, 1076, 1078, 488
1008, 229, 1077, 1078, 1076
1009, 355, 1046, 1080, 1079
1010, 374, 908, 1080, 1046
1011, 285, 904, 1080, 908
1012, 345, 1079, 1080, 904
1013, 313, 1050, 1083, 1082
1014, 271, 937, 1083, 1050
1015, 287, 1081, 1083, 937
1016, 349, 1082, 1083, 1081
1017, 3, 79, 1085, 78
1018, 80, 1077, 1085, 79
1019, 229, 1084, 1085, 1077
1020, 77, 78, 1085, 1084
1021, 206, 677, 1087, 1086
1022, 75, 76, 1087, 677
1023, 77, 1084, 1087, 76
1024, 229, 1086, 1087, 1084
1025, 210, 835, 1090, 1068
1026, 242, 1088, 1090, 835
1027, 289, 1089, 1090, 1088
1028, 322, 1068, 1090, 1089
1029, 270, 817, 1092, 1001
1030, 188, 805, 1092, 817
1031, 235, 1091, 1092, 805
1032, 310, 1001, 1092, 1091
1033, 320, 859, 1095, 1094
1034, 266, 1000, 1095, 859
1035, 296, 1093, 1095, 1000
1036, 382, 1094, 1095, 1093
1037, 373, 849, 1096, 913
1038, 355, 1079, 1096, 849
1039, 345, 841, 1096, 1079
1040, 280, 913, 1096, 841
1041, 185, 761, 1097, 615
1042, 234, 879, 1097, 761
1043, 282, 984, 1097, 879
1044, 246, 615, 1097, 984
1045, 375, 1098, 1100, 1099
1046, 357, 888, 1100, 1098
1047, 274, 785, 1100, 888
1048, 340, 1099, 1100, 785
1049, 349, 1101, 1103, 1082
1050, 348, 1102, 1103, 1101
1051, 278, 971, 1103, 1102
1052, 313, 1082, 1103, 971
1053, 415, 1010, 1106, 1105
1054, 366, 920, 1106, 1010
1055, 396, 1104, 1106, 920
1056, 416, 1105, 1106, 1104
1057, 365, 952, 1109, 1072
1058, 393, 1107, 1109, 952
1059, 409, 1108, 1109, 1107
1060, 394, 1072, 1109, 1108
1061, 324, 1074, 1112, 1111
1062, 360, 1052, 1112, 1074
1063, 386, 1110, 1112, 1052
1064, 413, 1111, 1112, 1110
1065, 406, 1113, 1116, 1115
1066, 392, 1114, 1116, 1113
1067, 369, 1044, 1116, 1114
1068, 395, 1115, 1116, 1044
1069, 413, 1117, 1118, 1111
1070, 388, 927, 1118, 1117
1071, 364, 1035, 1118, 927
1072, 324, 1111, 1118, 1035
1073, 193, 825, 1119, 670
1074, 233, 896, 1119, 825
1075, 289, 1088, 1119, 896
1076, 242, 670, 1119, 1088
1077, 411, 1120, 1122, 1121
1078, 393, 951, 1122, 1120
1079, 363, 996, 1122, 951
1080, 362, 1121, 1122, 996
1081, 362, 990, 1124, 1121
1082, 397, 1123, 1124, 990
1083, 420, 440, 1124, 1123
1084, 411, 1121, 1124, 440
1085, 367, 982, 1125, 934
1086, 398, 1008, 1125, 982
1087, 416, 1104, 1125, 1008
1088, 396, 934, 1125, 1104
1089, 412, 777, 1128, 1127
1090, 336, 742, 1128, 777
1091, 361, 1126, 1128, 742
1092, 392, 1127, 1128, 1126
1093, 424, 902, 1132, 1131
1094, 433, 1129, 1132, 902
1095, 404, 1130, 1132, 1129
1096, 431, 1131, 1132, 1130
1097, 340, 691, 1133, 1099
1098, 307, 1059, 1133, 691
1099, 344, 862, 1133, 1059
1100, 375, 1099, 1133, 862
1101, 417, 956, 1135, 865
1102, 400, 1134, 1135, 956
1103, 357, 1098, 1135, 1134
1104, 375, 865, 1135, 1098
1105, 359, 1136, 1138, 1137
1106, 397, 989, 1138, 1136
1107, 323, 1042, 1138, 989
1108, 281, 1137, 1138, 1042
1109, 208, 620, 1140, 1139
1110, 144, 145, 1140, 620
1111, 8, 146, 1140, 145
1112, 147, 1139, 1140, 146
1113, 147, 148, 1142, 1139
1114, 149, 872, 1142, 148
1115, 194, 1141, 1142, 872
1116, 208, 1139, 1142, 1141
1117, 427, 1143, 1146, 1145
1118, 426, 1144, 1146, 1143
1119, 419, 1047, 1146, 1144
1120, 387, 1145, 1146, 1047
1121, 412, 1127, 1149, 1148
1122, 392, 1113, 1149, 1127
1123, 406, 1147, 1149, 1113
1124, 432, 1148, 1149, 1147
1125, 426, 1150, 1151, 1144
1126, 423, 851, 1151, 1150
1127, 384, 1040, 1151, 851
1128, 419, 1144, 1151, 1040
1129, 429, 1152, 1154, 436
1130, 432, 1147, 1154, 1152
1131, 406, 1153, 1154, 1147
1132, 430, 436, 1154, 1153
1133, 356, 928, 1158, 1157
1134, 388, 1155, 1158, 928
1135, 405, 1156, 1158, 1155
1136, 430, 1157, 1158, 1156
1137, 314, 1159, 1161, 1160
1138, 272, 618, 1161, 1159
1139, 208, 1141, 1161, 618
1140, 194, 1160, 1161, 1141
1141, 201, 789, 1163, 936
1142, 272, 1159, 1163, 789
1143, 314, 1162, 1163, 1159
1144, 287, 936, 1163, 1162
1145, 431, 1164, 1167, 1166
1146, 390, 1011, 1167, 1164
1147, 415, 1165, 1167, 1011
1148, 422, 1166, 1167, 1165
1149, 334, 1015, 1168, 946
1150, 369, 1114, 1168, 1015
1151, 392, 1126, 1168, 1114
1152, 361, 946, 1168, 1126
1153, 432, 1169, 1171, 1148
1154, 421, 1170, 1171, 1169
1155, 391, 778, 1171, 1170
1156, 412, 1148, 1171, 778
1157, 430, 1153, 1172, 1157
1158, 406, 1115, 1172, 1153
1159, 395, 1019, 1172, 1115
1160, 356, 1157, 1172, 1019
1161, 428, 1173, 1175, 1174
1162, 404, 1129, 1175, 1173
1163, 433, 852, 1175, 1129
1164, 423, 1174, 1175, 852
1165, 416, 1007, 1177, 1105
1166, 414, 1176, 1177, 1007
1167, 422, 1165, 1177, 1176
1168, 415, 1105, 1177, 1165
1169, 399, 889, 1180, 1179
1170, 357, 1134, 1180, 889
1171, 400, 1178, 1180, 1134
1172, 410, 1179, 1180, 1178
1173, 308, 948, 1183, 1182
1174, 286, 1025, 1183, 948
1175, 312, 1181, 1183, 1025
1176, 347, 1182, 1183, 1181
1177, 288, 1184, 1186, 1185
1178, 273, 869, 1186, 1184
1179, 308, 1182, 1186, 869
1180, 347, 1185, 1186, 1182
1181, 352, 1187, 1189, 774
1182, 382, 1093, 1189, 1187
1183, 296, 1188, 1189, 1093
1184, 381, 774, 1189, 1188
1185, 422, 1176, 1192, 1191
1186, 414, 1190, 1192, 1176
1187, 425, 958, 1192, 1190
1188, 434, 1191, 1192, 958
1189, 401, 1193, 1196, 1195
1190, 380, 1194, 1196, 1193
1191, 327, 962, 1196, 1194
1192, 358, 1195, 1196, 962
1193, 194, 871, 1198, 1160
1194, 240, 1057, 1198, 871
1195, 290, 1197, 1198, 1057
1196, 314, 1160, 1198, 1197
1197, 390, 1164, 1200, 1054
1198, 431, 1130, 1200, 1164
1199, 404, 1199, 1200, 1130
1200, 386, 1054, 1200, 1199
1201, 229, 1076, 1202, 1086
1202, 207, 867, 1202, 1076
1203, 273, 1201, 1202, 867
1204, 206, 1086, 1202, 1201
1205, 405, 1155, 1205, 1204
1206, 388, 1117, 1205, 1155
1207, 413, 1203, 1205, 1117
1208, 428, 1204, 1205, 1203
1209, 321, 993, 1208, 1207
1210, 197, 839, 1208, 993
1211, 239, 1206, 1208, 839
1212, 288, 1207, 1208, 1206
1213, 309, 594, 1211, 1210
1214, 335, 856, 1211, 594
1215, 238, 1209, 1211, 856
1216, 297, 1210, 1211, 1209
1217, 12, 13, 1214, 1213
1218, 14, 496, 1214, 13
1219, 217, 1212, 1214, 496
1220, 258, 1213, 1214, 1212
1221, 218, 1215, 1218, 526
1222, 258, 1216, 1218, 1215
1223, 297, 1217, 1218, 1216
1224, 257, 526, 1218, 1217
1225, 386, 1199, 1219, 1110
1226, 404, 1173, 1219, 1199
1227, 428, 1203, 1219, 1173
1228, 413, 1110, 1219, 1203
1229, 426, 1220, 1221, 1150
1230, 405, 1204, 1221, 1220
1231, 428, 1174, 1221, 1204
1232, 423, 1150, 1221, 1174
1233, 206, 1201, 1222, 678
1234, 273, 1184, 1222, 1201
1235, 288, 1206, 1222, 1184
1236, 239, 678, 1222, 1206
1237, 431, 1166, 1223, 1131
1238, 422, 1191, 1223, 1166
1239, 434, 1061, 1223, 1191
1240, 424, 1131, 1223, 1061
1241, 238, 540, 1224, 1209
1242, 216, 532, 1224, 540
1243, 257, 1217, 1224, 532
1244, 297, 1209, 1224, 1217
1245, 389, 1225, 1227, 1226
1246, 403, 1032, 1227, 1225
1247, 391, 1170, 1227, 1032
1248, 421, 1226, 1227, 1170
1249, 381, 1188, 1229, 894
1250, 296, 999, 1229, 1188
1251, 310, 1228, 1229, 999
1252, 351, 894, 1229, 1228
1253, 320, 1094, 1231, 911
1254, 382, 1230, 1231, 1094
1255, 403, 1225, 1231, 1230
1256, 389, 911, 1231, 1225
1257, 432, 1152, 1234, 1169
1258, 429, 1232, 1234, 1152
1259, 408, 1233, 1234, 1232
1260, 421, 1169, 1234, 1233
1261, 378, 1235, 1238, 449
1262, 325, 1236, 1238, 1235
1263, 383, 1237, 1238, 1236
1264, 342, 449, 1238, 1237
1265, 281, 964, 1241, 1137
1266, 326, 1239, 1241, 964
1267, 401, 1240, 1241, 1239
1268, 359, 1137, 1241, 1240
1269, 420, 1242, 1243, 441
1270, 402, 943, 1243, 1242
1271, 354, 1029, 1243, 943
1272, 407, 441, 1243, 1029
1273, 421, 1233, 1244, 1226
1274, 408, 846, 1244, 1233
1275, 373, 912, 1244, 846
1276, 389, 1226, 1244, 912
1277, 402, 1242, 1246, 1245
1278, 420, 1123, 1246, 1242
1279, 397, 1136, 1246, 1123
1280, 359, 1245, 1246, 1136
1281, 341, 800, 1249, 1248
1282, 278, 1102, 1249, 800
1283, 348, 1247, 1249, 1102
1284, 379, 1248, 1249, 1247
1285, 427, 437, 1250, 1143
1286, 430, 1156, 1250, 437
1287, 405, 1220, 1250, 1156
1288, 426, 1143, 1250, 1220
1289, 349, 1081, 1252, 1251
1290, 287, 1162, 1252, 1081
1291, 314, 1197, 1252, 1162
1292, 290, 1251, 1252, 1197
1293, 236, 731, 1254, 1070
1294, 346, 1253, 1254, 731
1295, 347, 1181, 1254, 1253
1296, 312, 1070, 1254, 1181
1297, 295, 1255, 1256, 876
1298, 380, 1193, 1256, 1255
1299, 401, 1239, 1256, 1193
1300, 326, 876, 1256, 1239
1301, 411, 1257, 1259, 1120
1302, 410, 1258, 1259, 1257
1303, 409, 1107, 1259, 1258
1304, 393, 1120, 1259, 1107
1305, 414, 1006, 1261, 1190
1306, 394, 1108, 1261, 1006
1307, 409, 1260, 1261, 1108
1308, 425, 1190, 1261, 1260
1309, 387, 847, 1262, 1145
1310, 408, 1232, 1262, 847
1311, 429, 435, 1262, 1232
1312, 427, 1145, 1262, 435
1313, 348, 1101, 1264, 1263
1314, 349, 1251, 1264, 1101
1315, 290, 1056, 1264, 1251
1316, 331, 1263, 1264, 1056
1317, 331, 831, 1265, 1263
1318, 293, 445, 1265, 831
1319, 379, 1247, 1265, 445
1320, 348, 1263, 1265, 1247
1321, 358, 944, 1266, 1195
1322, 402, 1245, 1266, 944
1323, 359, 1240, 1266, 1245
1324, 401, 1195, 1266, 1240
1325, 317, 1031, 1267, 726
1326, 403, 1230, 1267, 1031
1327, 382, 1187, 1267, 1230
1328, 352, 726, 1267, 1187
1329, 217, 556, 1268, 1212
1330, 309, 1210, 1268, 556
1331, 297, 1216, 1268, 1210
1332, 258, 1212, 1268, 1216
1333, 410, 1178, 1269, 1258
1334, 400, 955, 1269, 1178
1335, 425, 1260, 1269, 955
1336, 409, 1258, 1269, 1260
1337, 10, 11, 1270, 491
1338, 12, 1213, 1270, 11
1339, 258, 1215, 1270, 1213
1340, 218, 491, 1270, 1215
1341, 322, 1271, 1272, 1067
1342, 350, 702, 1272, 1271
1343, 377, 443, 1272, 702
1344, 293, 1067, 1272, 443
1345, 410, 1257, 1273, 1179
1346, 411, 439, 1273, 1257
1347, 407, 1028, 1273, 439
1348, 399, 1179, 1273, 1028
1349, 279, 1063, 1275, 448
1350, 327, 1194, 1275, 1063
1351, 380, 1274, 1275, 1194
1352, 378, 448, 1275, 1274
1353, 321, 1276, 1278, 994
1354, 346, 730, 1278, 1276
1355, 376, 1277, 1278, 730
1356, 291, 994, 1278, 1277
1357, 351, 1228, 1280, 1279
1358, 310, 1091, 1280, 1228
1359, 235, 703, 1280, 1091
1360, 350, 1279, 1280, 703
1361, 291, 1277, 1282, 917
1362, 376, 1281, 1282, 1277
1363, 383, 1236, 1282, 1281
1364, 325, 917, 1282, 1236
1365, 288, 1185, 1283, 1207
1366, 347, 1253, 1283, 1185
1367, 346, 1276, 1283, 1253
1368, 321, 1207, 1283, 1276
1369, 289, 895, 1284, 1089
1370, 351, 1279, 1284, 895
1371, 350, 1271, 1284, 1279
1372, 322, 1089, 1284, 1271
1373, 378, 1274, 1285, 1235
1374, 380, 1255, 1285, 1274
1375, 295, 986, 1285, 1255
1376, 325, 1235, 1285, 986
1377, 294, 906, 1286, 705
1378, 341, 1248, 1286, 906
1379, 379, 444, 1286, 1248
1380, 377, 705, 1286, 444
1381, 292, 898, 1287, 729
1382, 342, 1237, 1287, 898
1383, 383, 1281, 1287, 1237
1384, 376, 729, 1287, 1281