1, 0, 0, 0
2, 10, 0, 0
3, 10, 10, 0
4, 7, 10, 0
5, 7, 6, 0
6, 3, 6, 0
7, 3, 10, 0
8, 0, 10, 0
9, 0.27777777777757, 0, 0
10, 0.55555555555506, 0, 0
11, 0.83333333333264, 0, 0
12, 1.1111111111102, 0, 0
13, 1.3888888888875, 0, 0
14, 1.6666666666645, 0, 0
15, 1.9444444444414, 0, 0
16, 2.2222222222184, 0, 0
17, 2.4999999999954, 0, 0
18, 2.7777777777723, 0, 0
19, 3.0555555555493, 0, 0
20, 3.3333333333263, 0, 0
21, 3.6111111111032, 0, 0
22, 3.8888888888802, 0, 0
23, 4.1666666666578, 0, 0
24, 4.444444444436, 0, 0
25, 4.7222222222142, 0, 0
26, 4.9999999999924, 0, 0
27, 5.2777777777706, 0, 0
28, 5.5555555555488, 0, 0
29, 5.833333333327, 0, 0
30, 6.1111111111052, 0, 0
31, 6.3888888888834, 0, 0
32, 6.6666666666616, 0, 0
33, 6.9444444444398, 0, 0
34, 7.222222222218, 0, 0
35, 7.4999999999962, 0, 0
36, 7.7777777777744, 0, 0
37, 8.0555555555526, 0, 0
38, 8.3333333333308, 0, 0
39, 8.611111111109, 0, 0
40, 8.8888888888872, 0, 0
41, 9.1666666666654, 0, 0
42, 9.4444444444436, 0, 0
43, 9.7222222222218, 0, 0
44, 10, 0.27777777777757, 0
45, 10, 0.55555555555506, 0
46, 10, 0.83333333333264, 0
47, 10, 1.1111111111102, 0
48, 10, 1.3888888888875, 0
49, 10, 1.6666666666645, 0
50, 10, 1.9444444444414, 0
51, 10, 2.2222222222184, 0
52, 10, 2.4999999999954, 0
53, 10, 2.7777777777723, 0
54, 10, 3.0555555555493, 0
55, 10, 3.3333333333263, 0
56, 10, 3.6111111111032, 0
57, 10, 3.8888888888802, 0
58, 10, 4.1666666666578, 0
59, 10, 4.444444444436, 0
60, 10, 4.7222222222142, 0
61, 10, 4.9999999999924, 0
62, 10, 5.2777777777706, 0
63, 10, 5.5555555555488, 0
64, 10, 5.833333333327, 0
65, 10, 6.1111111111052, 0
66, 10, 6.3888888888834, 0
67, 10, 6.6666666666616, 0
68, 10, 6.9444444444398, 0
69, 10, 7.222222222218, 0
70, 10, 7.4999999999962, 0
71, 10, 7.7777777777744, 0
72, 10, 8.0555555555526, 0
73, 10, 8.3333333333308, 0
74, 10, 8.611111111109, 0
75, 10, 8.8888888888872, 0
76, 10, 9.1666666666654, 0
77, 10, 9.4444444444436, 0
78, 10, 9.7222222222218, 0
79, 9.7500000000049, 10, 0
80, 9.5000000000099, 10, 0
81, 9.2500000000148, 10, 0
82, 9.0000000000198, 10, 0
83, 8.7500000000247, 10, 0
84, 8.5000000000293, 10, 0
85, 8.2500000000198, 10, 0
86, 8.0000000000101, 10, 0
87, 7.7500000000074, 10, 0
88, 7.5000000000049, 10, 0
89, 7.2500000000025, 10, 0
90, 7, 9.75, 0
91, 7, 9.5, 0
92, 7, 9.25, 0
93, 7, 9, 0
94, 7, 8.75, 0
95, 7, 8.5, 0
96, 7, 8.25, 0
97, 7, 8, 0
98, 7, 7.75, 0
99, 7, 7.5, 0
100, 7, 7.25, 0
101, 7, 7, 0
102, 7, 6.75, 0
103, 7, 6.5, 0
104, 7, 6.25, 0
105, 6.7500000000007, 6, 0
106, 6.5000000000014, 6, 0
107, 6.2500000000021, 6, 0
108, 6.0000000000028, 6, 0
109, 5.7500000000035, 6, 0
110, 5.5000000000042, 6, 0
111, 5.2500000000049, 6, 0
112, 5.0000000000056, 6, 0
113, 4.7500000000062, 6, 0
114, 4.5000000000069, 6, 0
115, 4.2500000000076, 6, 0
116, 4.0000000000082, 6, 0
117, 3.7500000000062, 6, 0
118, 3.5000000000042, 6, 0
119, 3.2500000000021, 6, 0
120, 3, 6.25, 0
121, 3, 6.5, 0
122, 3, 6.75, 0
123, 3, 7, 0
124, 3, 7.25, 0
125, 3, 7.5, 0
126, 3, 7.75, 0
127, 3, 8, 0
128, 3, 8.25, 0
129, 3, 8.5, 0
130, 3, 8.75, 0
131, 3, 9, 0
132, 3, 9.25, 0
133, 3, 9.5, 0
134, 3, 9.75, 0
135, 2.7500000000021, 10, 0
136, 2.5000000000032, 10, 0
137, 2.2500000000026, 10, 0
138, 2.0000000000019, 10, 0
139, 1.7500000000031, 10, 0
140, 1.5000000000042, 10, 0
141, 1.2500000000035, 10, 0
142, 1.0000000000028, 10, 0
143, 0.75000000000211, 10, 0
144, 0.5000000000014, 10, 0
145, 0.2500000000007, 10, 0
146, 0, 9.7222222222222, 0
147, 0, 9.4444444444444, 0
148, 0, 9.1666666666667, 0
149, 0, 8.8888888888889, 0
150, 0, 8.6111111111111, 0
151, 0, 8.3333333333333, 0
152, 0, 8.0555555555556, 0
153, 0, 7.7777777777778, 0
154, 0, 7.5, 0
155, 0, 7.2222222222222, 0
156, 0, 6.9444444444444, 0
157, 0, 6.6666666666667, 0
158, 0, 6.3888888888889, 0
159, 0, 6.1111111111111, 0
160, 0, 5.8333333333333, 0
161, 0, 5.5555555555555, 0
162, 0, 5.2777777777778, 0
163, 0, 5, 0
164, 0, 4.7222222222222, 0
165, 0, 4.4444444444444, 0
166, 0, 4.1666666666667, 0
167, 0, 3.8888888888889, 0
168, 0, 3.6111111111111, 0
169, 0, 3.3333333333333, 0
170, 0, 3.0555555555556, 0
171, 0, 2.7777777777778, 0
172, 0, 2.5, 0
173, 0, 2.2222222222222, 0
174, 0, 1.9444444444444, 0
175, 0, 1.6666666666667, 0
176, 0, 1.3888888888889, 0
177, 0, 1.1111111111111, 0
178, 0, 0.83333333333333, 0
179, 0, 0.55555555555555, 0
180, 0, 0.27777777777778, 0
181, 4.0095897445517, 5.4876590894123, 0
182, 5.5120753120919, 5.4859081334037, 0
183, 3.8862533686309, 0.57461784527773, 0
184, 7.2203305899521, 0.56545703871636, 0
185, 0.52375205808929, 3.8946424585461, 0
186, 7.4649933832769, 6.4785020570038, 0
187, 2.5282461327408, 7.9826189632756, 0
188, 2.5330937948659, 6.505475707898, 0
189, 7.4897315561551, 7.976271726022, 0
190, 9.4503207126492, 3.3542496042413, 0
191, 9.4629898523765, 4.4624356911376, 0
192, 9.4437564403153, 1.6755132402843, 0
193, 0.52274231655137, 5.5418454417354, 0
194, 0.51375474239148, 8.9077418784234, 0
195, 0.54499689521115, 7.8013486593359, 0
196, 9.4303593754942, 6.6979191899941, 0
197, 9.4742940759397, 7.8227510104729, 0
198, 8.4950329049283, 9.4758808669348, 0
199, 0.54017384895816, 2.2335256908413, 0
200, 2.2144782883906, 0.57028391964268, 0
201, 1.5111346517715, 9.4745815487155, 0
202, 6.1098089632952, 0.56741679245283, 0
203, 8.888105070922, 0.56067569915187, 0
204, 6.5121529244981, 5.4964725957067, 0
205, 2.5112863428632, 8.9859495643543, 0
206, 9.4933611477957, 8.9111345310666, 0
207, 8.9953931530785, 9.4660163493084, 0
208, 0.50591139832514, 9.4541723559733, 0
209, 9.4571752706658, 5.5592221715209, 0
210, 0.54758799482542, 6.6508078422959, 0
211, 0.51970891020392, 4.9933294494015, 0
212, 0.52874254707582, 3.342989438217, 0
213, 4.9994515908868, 0.57079475586738, 0
214, 3.3285081938758, 0.5749010440446, 0
215, 8.3320717155431, 0.56274183144715, 0
216, 0.54514340933049, 1.6761969614112, 0
217, 1.6594077639183, 0.56651227526821, 0
218, 0.55258954445919, 0.55902983003898, 0
219, 9.4443205672491, 2.2349763979106, 0
220, 9.4440837777881, 0.55821964456916, 0
221, 7.4978231769325, 9.4926350837973, 0
222, 7.495320506232, 8.985834971786, 0
223, 2.0092242100713, 9.4841288560828, 0
224, 2.5051362939871, 9.4924932638712, 0
225, 3.021527657579, 5.490908998076, 0
226, 4.5087160442959, 5.4858740795875, 0
227, 2.5368161560566, 6.9995164830671, 0
228, 7.4886343955578, 7.4721986033583, 0
229, 9.4972137637607, 9.4554044345808, 0
230, 4.5153518829166, 4.9708695158343, 0
231, 3.884396197154, 1.1507072878679, 0
232, 7.0009296465973, 5.5061217061609, 0
233, 1.0399849327103, 5.5268958368105, 0
234, 1.0458097182041, 3.9021673363759, 0
235, 2.0648344921646, 6.5197064806083, 0
236, 7.977439217687, 7.9514173621934, 0
237, 8.8869733343603, 1.6837155457667, 0
238, 1.0912365130631, 1.6867040765799, 0
239, 9.4867716172852, 8.3672958378733, 0
240, 0.52603239234123, 8.3588400141326, 0
241, 9.4515931365013, 7.2709629347206, 0
242, 0.53145617087744, 6.092245622805, 0
243, 0.55939570487438, 7.2263198504221, 0
244, 9.4401292844282, 6.1189192570094, 0
245, 9.4644882917091, 5.0102952372276, 0
246, 0.52044102694361, 4.4445625397948, 0
247, 9.4567446942987, 3.9107571821099, 0
248, 4.4433441095348, 0.57295217313089, 0
249, 5.5547906956105, 0.56885764217121, 0
250, 6.6649121596259, 0.56638082412366, 0
251, 9.4462009347097, 2.7948999361079, 0
252, 0.53450699871485, 2.789267132679, 0
253, 8.3307706006059, 1.1260033364502, 0
254, 2.2052110936052, 1.1412342715736, 0
255, 7.7760914279443, 0.56431846151588, 0
256, 2.7709629388968, 0.57334278650079, 0
257, 0.54923010365166, 1.1178669022346, 0
258, 1.1055811559575, 0.56267222927964, 0
259, 9.4438002324611, 1.1166507685264, 0
260, 7.9960058970914, 9.4847282207545, 0
261, 5.0098618446496, 5.4849604355036, 0
262, 6.0138107131709, 5.4895669332503, 0
263, 7.4924041115819, 8.4802442116247, 0
264, 2.5191609010885, 8.4818879703244, 0
265, 3.5132488533299, 5.4893903015744, 0
266, 2.5345030560989, 5.4938255521131, 0
267, 7.4632153955087, 5.9994728588187, 0
268, 7.4819614993135, 6.9673609145654, 0
269, 2.5354654537377, 7.4895828519087, 0
270, 2.530836339293, 6.0034240394485, 0
271, 2.0206599630524, 8.969620418345, 0
272, 1.0100116058687, 9.4643214118963, 0
273, 8.9891908577096, 8.9328022807693, 0
274, 6.532688981372, 4.9897373755072, 0
275, 5.554333187678, 1.1371482738764, 0
276, 8.9131438671243, 3.938151760766, 0
277, 7.4745793057221, 5.5162811697265, 0
278, 2.0578708421666, 7.9579417452026, 0
279, 7.899358083411, 6.4522337680058, 0
280, 3.0323715578899, 4.9807514509835, 0
281, 8.9381511023438, 5.0202427504455, 0
282, 1.0383488024782, 4.4458692275407, 0
283, 6.6628014765389, 1.1326437755172, 0
284, 2.7629671328499, 1.1482779384789, 0
285, 4.0165087063538, 4.9754890745433, 0
286, 7.9911805638107, 8.9704633223856, 0
287, 1.5254946798508, 8.9499676167985, 0
288, 8.9789490256276, 8.4012273848204, 0
289, 1.054539134002, 6.0670447180053, 0
290, 1.0444311434691, 8.3910770453081, 0
291, 8.9162191084936, 7.3440125948847, 0
292, 7.9753526028842, 7.4510058137315, 0
293, 1.1926117114372, 7.2313172231927, 0
294, 2.0800504915808, 7.0040307068923, 0
295, 8.8849773755347, 6.0995877468186, 0
296, 2.0449832636014, 5.5005535497369, 0
297, 1.0992182069834, 1.125090428257, 0
298, 1.0358021312586, 4.9870764403165, 0
299, 4.4433410593836, 1.1463432967027, 0
300, 3.3234839518115, 1.1518303607652, 0
301, 8.8900582222138, 2.8122863327824, 0
302, 8.8873995737365, 2.2471090616236, 0
303, 7.7741776465112, 1.1291108992864, 0
304, 1.0567087794538, 3.3547948042934, 0
305, 1.0811324923055, 2.2464453369956, 0
306, 8.8873974216978, 1.1217558969479, 0
307, 5.5244143081133, 4.9690674249857, 0
308, 8.4886606028105, 8.9528566538931, 0
309, 1.6508656994673, 1.1330103472024, 0
310, 2.0506540798907, 6.0157380322228, 0
311, 5.0185605169674, 4.9680309414101, 0
312, 7.9848546891548, 8.4585989430555, 0
313, 2.0365513612843, 8.4589850498306, 0
314, 1.0232403526091, 8.9284037093868, 0
315, 4.5174348368846, 4.4539516048485, 0
316, 3.3180625316238, 1.734108939875, 0
317, 1.5513885228648, 4.4496227739636, 0
318, 8.3291855669901, 2.8282132438536, 0
319, 7.7717672095923, 1.6950665241804, 0
320, 2.542098189943, 4.980159026392, 0
321, 8.9595433798509, 7.8721617050274, 0
322, 1.0887223741613, 6.6134466962216, 0
323, 8.9309365448218, 4.4849847555345, 0
324, 4.4461960038737, 1.7201817791155, 0
325, 8.7731366778169, 6.7438152388611, 0
326, 8.9258328292054, 5.5537736083654, 0
327, 7.9175952034442, 6.0063920200365, 0
328, 1.069167773124, 2.8028576888417, 0
329, 4.9997109669423, 1.1412755245699, 0
330, 6.108385610211, 1.1343912497978, 0
331, 1.0837406512419, 7.8468109038729, 0
332, 7.2180661567651, 1.1311509242514, 0
333, 8.3285367680398, 2.2572567688562, 0
334, 1.6241944302957, 2.2627445015512, 0
335, 1.6395960270392, 1.698983789344, 0
336, 1.5830495069886, 3.3713783024478, 0
337, 8.8977614479279, 3.377969159177, 0
338, 8.3294793709904, 1.6904758757945, 0
339, 2.7517717941751, 1.726908939134, 0
340, 6.0304540994897, 4.9757269693671, 0
341, 2.0779944655845, 7.4750670267051, 0
342, 8.0171702417576, 6.9006830911218, 0
343, 7.0236688303082, 5.011738316171, 0
344, 5.5363309005058, 4.4466308425292, 0
345, 3.5226348912954, 4.9793771226755, 0
346, 8.4634949772756, 7.9184928433292, 0
347, 8.4790699580911, 8.432539467859, 0
348, 1.5846636740293, 7.9132353042665, 0
349, 1.5474723355701, 8.4276820153503, 0
350, 1.5914133566686, 6.5553698459407, 0
351, 1.5607420083167, 6.038187886244, 0
352, 1.5454680579146, 4.9822673823035, 0
353, 5.5543873962117, 1.7039267125789, 0
354, 7.4943197339278, 5.0348501762696, 0
355, 3.5279352678549, 4.4724178245976, 0
356, 3.312012588229, 2.3305868143566, 0
357, 6.5634385511384, 4.4740186144251, 0
358, 7.9414706575748, 5.5262545697499, 0
359, 8.4315398477714, 5.0316686152482, 0
360, 5.0017552847393, 1.7105720304745, 0
361, 1.6044770124063, 2.8211624398473, 0
362, 8.3644820813488, 3.9818087600314, 0
363, 8.3359492916743, 3.4059507623864, 0
364, 3.8849531278588, 1.7302385567874, 0
365, 7.7639368724565, 2.8371570728328, 0
366, 6.1065112088533, 1.7002834229992, 0
367, 7.2148795182131, 1.6974507372138, 0
368, 7.7685105059713, 2.2634648408346, 0
369, 2.1722128012428, 2.284353065783, 0
370, 1.5643140569716, 3.913397052911, 0
371, 2.1922672567949, 1.7131202481615, 0
372, 5.0245195264294, 4.4471545176329, 0
373, 3.0429710398233, 4.473004083713, 0
374, 4.0180648673164, 4.4641443710934, 0
375, 6.0502525210222, 4.4544951891439, 0
376, 8.4375726453895, 7.4240001212065, 0
377, 1.6453873687056, 7.0303966571387, 0
378, 8.2774232228034, 6.5058640258282, 0
379, 1.6434586948265, 7.4401575034928, 0
380, 8.3769693324917, 6.0433355150703, 0
381, 1.5476330840766, 5.5120914256712, 0
382, 2.0473876978144, 4.9800107137365, 0
383, 8.4036816921, 7.0512853025932, 0
384, 4.5116992418976, 3.9330766280971, 0
385, 5.5461379772637, 3.9160092968349, 0
386, 5.0065755938401, 2.2765138995959, 0
387, 3.5267429449018, 3.9745956916486, 0
388, 3.8929550911181, 2.3157242292001, 0
389, 2.5545915858822, 4.4659034104414, 0
390, 5.554799471124, 2.2675405227543, 0
391, 2.0765530107835, 3.9302886096456, 0
392, 2.1419722099467, 2.8483831517896, 0
393, 7.7573546182667, 3.4245825062865, 0
394, 7.2006078957656, 2.8354434496291, 0
395, 2.7320199637814, 2.3118952753734, 0
396, 6.6597446520658, 1.6986420888274, 0
397, 8.4115595568021, 4.5206686850208, 0
398, 7.2097678522069, 2.2650714137805, 0
399, 7.0693879825409, 4.512087100801, 0
400, 6.5989914107412, 3.9411646048911, 0
401, 8.4200221718913, 5.5395304230904, 0
402, 7.953633698381, 5.0415763360359, 0
403, 2.05742534598, 4.4566426007441, 0
404, 5.0141055157641, 2.8353187844884, 0
405, 3.9248346924735, 2.8980492969116, 0
406, 2.6873488641541, 2.8942542856133, 0
407, 7.5343797735651, 4.5747306983176, 0
408, 3.0580221020573, 3.9743472857184, 0
409, 7.1817772631232, 3.4106844242104, 0
410, 7.1368309087199, 3.9814860052257, 0
411, 7.7466321676613, 4.0958143092995, 0
412, 2.1062970083969, 3.3967043312827, 0
413, 4.455061431757, 2.2925582231932, 0
414, 6.6451865356952, 2.8286396498477, 0
415, 6.1033806746704, 2.2640670516025, 0
416, 6.6545999824291, 2.2641561152355, 0
417, 6.0704097015745, 3.9222052908161, 0
418, 5.0258923387162, 3.9198843104668, 0
419, 4.0091397878381, 3.9542957019551, 0
420, 7.9385192632886, 4.5778477039354, 0
421, 2.5770728594843, 3.9532516702039, 0
422, 6.0974759689821, 2.8241230758872, 0
423, 4.4955292687045, 3.4031492332171, 0
424, 5.5522664765544, 3.3756476623225, 0
425, 6.6277803409646, 3.3899057806733, 0
426, 3.9782056067182, 3.4410996133828, 0
427, 3.5031444736634, 3.5025989858825, 0
428, 4.4729950758674, 2.8565297481684, 0
429, 3.0938189566625, 3.5018312065397, 0
430, 3.3043907480757, 3.0128941038074, 0
431, 5.5546583830632, 2.8256133359844, 0
432, 2.6210543597125, 3.4381264536803, 0
433, 5.0218136258099, 3.3833400410685, 0
434, 6.0868123362099, 3.377945546739, 0
435, 3.2982375804078, 3.518506469568, 0
436, 3.1514381671311, 3.2802284310228, 0
437, 3.4509735101135, 3.280929240084, 0
438, 3.3002947438197, 3.3529613972995, 0
439, 7.593196162362, 4.3580686700913, 0
440, 7.8895270223808, 4.3595306643063, 0
441, 7.7357930928483, 4.5920658717806, 0
442, 7.7396181955674, 4.4297470136415, 0
443, 1.4406543038705, 7.0837510724279, 0
444, 1.6592940895126, 7.2354631291315, 0
445, 1.4392948839442, 7.383117090652, 0
446, 1.5066604810767, 7.2340593297844, 0
447, 7.922735574119, 6.6569681634295, 0
448, 8.0892044291312, 6.4591868242497, 0
449, 8.1847739447555, 6.695795960247, 0
450, 8.0652643826756, 6.6091869756157, 0
451, 0.26172426121234, 5.5488187085707, 0
452, 0.26008963421734, 4.9966494996821, 0
453, 0.52065628325446, 5.2675347405308, 0
454, 0.26061596534893, 5.2726909916363, 0
455, 2.7680912058374, 6.9995066973364, 0
456, 2.5352649248473, 6.7533661369396, 0
457, 2.7667037488641, 6.5022145591814, 0
458, 2.7675024758383, 6.751263914814, 0
459, 7.2440069590907, 7.486019138915, 0
460, 7.488984689494, 7.7245324409138, 0
461, 7.2449587035045, 7.9881407962664, 0
462, 7.2445222213255, 7.7371545901275, 0
463, 9.7222423075771, 2.2286280778715, 0
464, 9.4439273368082, 1.9551659880337, 0
465, 9.7219161721934, 1.6711274019788, 0
466, 9.722020720066, 1.9498425292945, 0
467, 8.8884935457536, 0.28031348426145, 0
468, 8.6100907309292, 0.56176652902205, 0
469, 8.3327058244608, 0.28134030934885, 0
470, 8.6106001194371, 0.28085484797548, 0
471, 0.2619810856746, 3.8916574163036, 0
472, 0.26441970195728, 3.3380320091476, 0
473, 0.52609267509953, 3.6190609991373, 0
474, 0.26312346089322, 3.6149647658441, 0
475, 0.27004328139147, 2.2277747491532, 0
476, 0.27251650470227, 1.6713692770912, 0
477, 0.54276713945865, 1.9550232993076, 0
478, 0.27133092578889, 1.9496529234106, 0
479, 3.8875300715666, 0.28722245910314, 0
480, 3.6074172969704, 0.57497866756055, 0
481, 3.3309332607193, 0.28733520688002, 0
482, 3.6092472721297, 0.28738262967169, 0
483, 4.2588551751671, 5.4867219945952, 0
484, 4.5044845112244, 5.742991633327, 0
485, 4.0049718075434, 5.7438264921293, 0
486, 4.2545773980745, 5.7433844507244, 0
487, 8.7450252624467, 9.4710652723253, 0
488, 8.9977879667793, 9.7329614746711, 0
489, 8.4975998076252, 9.7378767835901, 0
490, 8.7476043443176, 9.7354753564505, 0
491, 0.55409765893177, 0.27952541507627, 0
492, 0.27627019940677, 0.5572806592499, 0
493, 0.27703636435488, 0.27864609081402, 0
494, 2.218438714211, 0.28509752779543, 0
495, 1.9367676512608, 0.56843858078135, 0
496, 1.6631149297183, 0.28325194305412, 0
497, 1.9406922017112, 0.28419769149572, 0
498, 9.7220467182641, 0.55690080331069, 0
499, 9.4442601957649, 0.27909682921934, 0
500, 9.7221322078954, 0.2784438350589, 0
501, 9.1661040364763, 0.55948614485913, 0
502, 9.1663809226163, 0.27972402169201, 0
503, 2.502502748722, 9.7461929778094, 0
504, 2.7526313522199, 9.4963067906443, 0
505, 2.7512837079899, 9.7481244000646, 0
506, 2.5080267564018, 9.2390254622751, 0
507, 2.7557507256145, 8.9931294923526, 0
508, 2.7541033587772, 9.2446138598967, 0
509, 1.7605191881632, 9.4794912955516, 0
510, 2.004476112331, 9.7419902983492, 0
511, 1.5053776021004, 9.7372460755551, 0
512, 1.7550920555874, 9.7396804786415, 0
513, 7.2476344216878, 8.9929927263224, 0
514, 7.4966277909154, 9.2391259380065, 0
515, 7.248891295505, 9.4963527739248, 0
516, 7.248287558282, 9.2446177443402, 0
517, 2.2573814430829, 9.4884566273779, 0
518, 2.2535900926953, 9.7441584939182, 0
519, 7.4989339925392, 9.7462836906659, 0
520, 7.249456146086, 9.7481590010813, 0
521, 9.7219151104684, 1.1139078533889, 0
522, 9.443925380507, 0.83739508945248, 0
523, 9.7219715357302, 0.83538426988626, 0
524, 9.4437319016789, 1.3960147133715, 0
525, 9.7218902534593, 1.392484958474, 0
526, 0.55098227777556, 0.83848806215904, 0
527, 0.27456961418451, 1.1144573558983, 0
528, 0.27545531924, 0.83589018501011, 0
529, 3.0496489898656, 0.57434868388257, 0
530, 2.7744368004267, 0.28657754765845, 0
531, 3.0526442880922, 0.28706389225585, 0
532, 0.54729346604948, 1.3971221068918, 0
533, 0.27359439024258, 1.3929597415671, 0
534, 9.7253050027524, 3.3436143226403, 0
535, 9.4479349550736, 3.0747642772171, 0
536, 9.7232401312408, 2.7863035106332, 0
537, 9.7241234854649, 3.0650613319408, 0
538, 1.0864578474813, 1.9668962650529, 0
539, 0.81049301064649, 2.2396782849694, 0
540, 0.81800209877609, 1.6812711272218, 0
541, 0.81442720471661, 1.9607175015267, 0
542, 2.4925512553651, 0.57195429133084, 0
543, 2.4963578972811, 0.28590711995314, 0
544, 7.4909485646449, 8.2280729567168, 0
545, 7.2462157967541, 8.4902228542424, 0
546, 7.2455318164628, 8.2391157626727, 0
547, 8.8870204233604, 1.9651988045339, 0
548, 9.1654560615728, 1.6797412253581, 0
549, 9.1660813386017, 2.2411823278865, 0
550, 9.1656183530463, 1.9603242447193, 0
551, 8.0540649131814, 0.5635922976233, 0
552, 7.7769483173561, 0.28213182818263, 0
553, 8.054818622981, 0.28176576358817, 0
554, 2.2101464326636, 0.85564144636823, 0
555, 1.9276386911978, 1.1371473829692, 0
556, 1.6553828730535, 0.84977625629699, 0
557, 1.9324861784972, 0.85275401215525, 0
558, 7.221297821221, 0.28271507706087, 0
559, 6.9425757727318, 0.5659263864271, 0
560, 6.6658091350577, 0.28319741751709, 0
561, 6.9435321654557, 0.28295963537855, 0
562, 9.4450375369843, 2.5149157139814, 0
563, 9.722630121137, 2.5074642448956, 0
564, 6.1104653696885, 0.2837336999143, 0
565, 5.8323114062909, 0.56807413926847, 0
566, 5.5551531110193, 0.28445985447766, 0
567, 5.8328160638618, 0.28406748513168, 0
568, 4.7590863047502, 5.4852440453622, 0
569, 5.0049975483903, 5.7425965650632, 0
570, 4.7546428848205, 5.7427082501823, 0
571, 3.0140896457972, 5.7457122396953, 0
572, 3.266627509086, 5.490123097593, 0
573, 3.5069970785124, 5.7446863594606, 0
574, 3.2591837481552, 5.7451118910597, 0
575, 4.999677793545, 0.28541122923315, 0
576, 4.7215169099317, 0.57188099413873, 0
577, 4.4438327397892, 0.28644546813287, 0
578, 4.7218116229955, 0.28593519263567, 0
579, 0.53739924728476, 2.5116288418326, 0
580, 0.26724736811126, 2.7833961933, 0
581, 0.26867172011106, 2.5056993659877, 0
582, 4.7702036075445, 4.4499066024285, 0
583, 4.5157703504397, 4.1942271951647, 0
584, 4.7678016559294, 3.9253388534186, 0
585, 5.0258793038031, 4.1844926730919, 0
586, 4.7699046483504, 4.1884998089078, 0
587, 9.7311977674131, 4.4532013281544, 0
588, 9.460155955642, 4.1872297101712, 0
589, 9.7283619164052, 3.8995204818486, 0
590, 9.7299304854729, 4.1766468816673, 0
591, 8.8871267967468, 1.4025921483468, 0
592, 9.1656315987339, 1.1192851563346, 0
593, 9.165485012205, 1.399408494825, 0
594, 1.6456680968596, 1.4161318751255, 0
595, 2.1993786452586, 1.4270842924005, 0
596, 1.9152314357179, 1.7058745197199, 0
597, 1.9219811512786, 1.4215687329728, 0
598, 7.4938987233853, 8.7328472161687, 0
599, 7.2469352084562, 8.7415170647385, 0
600, 8.8877337628354, 0.84113785502923, 0
601, 9.1658480050063, 0.83932587502199, 0
602, 7.7468424340026, 9.4887798502197, 0
603, 7.9980556411328, 9.7423052891517, 0
604, 7.7484577674504, 9.7443417470516, 0
605, 5.5060074059827, 5.7431233665656, 0
606, 5.7631373307327, 5.4873532933638, 0
607, 6.006690550047, 5.744986231251, 0
608, 5.7564630499119, 5.7438667373853, 0
609, 7.4981734745512, 0.56493222942309, 0
610, 7.4991051036861, 0.28244448077504, 0
611, 2.4710432193094, 1.7203585592379, 0
612, 2.483658321478, 1.1450436534635, 0
613, 2.7579703876617, 1.4369654706417, 0
614, 2.4780265354412, 1.43237044563, 0
615, 0.52183214266405, 4.1697872820178, 0
616, 0.26038174540762, 4.4444316019909, 0
617, 0.26104858605089, 4.1681353554493, 0
618, 0.7582835410032, 9.4591934340179, 0
619, 1.00481953286, 9.7321678440356, 0
620, 0.50284248181384, 9.7271127806728, 0
621, 0.75398450962995, 9.7296201571095, 0
622, 9.7279875989251, 5.5580472366591, 0
623, 9.4621151896969, 5.2841640597585, 0
624, 9.7316954177671, 5.005214830637, 0
625, 9.7304383312676, 5.2812900644816, 0
626, 6.3873306871331, 0.56686379780818, 0
627, 6.3881239218613, 0.28344895389289, 0
628, 3.8851600726978, 0.8623735066146, 0
629, 3.60406805378, 1.1518204532647, 0
630, 3.3260332966709, 0.86295712761074, 0
631, 3.6056665960063, 0.86302633725291, 0
632, 5.2771907374946, 0.56977107495763, 0
633, 5.2774497234861, 0.28491139291648, 0
634, 9.7172156886354, 6.6819041486637, 0
635, 9.4318479154582, 6.4066197120455, 0
636, 9.7204615362133, 6.1162542037624, 0
637, 9.7174615783808, 6.3984958442822, 0
638, 2.5320253638346, 5.7493871003026, 0
639, 2.7778053789843, 5.4920279341058, 0
640, 2.7680765583056, 6.0004639087819, 0
641, 2.7725717455859, 5.7469450795665, 0
642, 9.1685822754334, 2.8035904103167, 0
643, 8.8883126330501, 2.5294849368596, 0
644, 9.1670005721907, 2.5223015421539, 0
645, 3.7610071260087, 5.4885722370592, 0
646, 3.7557325518485, 5.7442682973229, 0
647, 5.2609127292502, 5.485144469807, 0
648, 5.2554810436793, 5.7427164476147, 0
649, 2.5149941312815, 8.7334784839891, 0
650, 2.7596567703153, 8.4912425968317, 0
651, 2.7576042081984, 8.7419615567506, 0
652, 2.764008134332, 7.991700338795, 0
653, 2.5323792816601, 7.7353792486705, 0
654, 2.7673643034502, 7.4949793045389, 0
655, 2.7659345854482, 7.7430266332624, 0
656, 7.2334989004156, 6.4898706432171, 0
657, 7.4730298723716, 6.720278217462, 0
658, 7.2402634738465, 6.9847158000957, 0
659, 7.236711614658, 6.7362993577512, 0
660, 4.1649163223448, 0.57390418558066, 0
661, 4.1657352010276, 0.28689285363932, 0
662, 4.512433084884, 5.2285380481456, 0
663, 4.0135342669519, 5.2315253833228, 0
664, 4.265310453817, 4.9731101183815, 0
665, 4.2625360283485, 5.2299735705901, 0
666, 0.2735754782695, 6.659815813915, 0
667, 0.55606463954993, 6.9366087486952, 0
668, 0.27797835588913, 7.2242401103155, 0
669, 0.27685172059533, 6.9413529013559, 0
670, 0.5262371663802, 5.8165690445961, 0
671, 0.26618269149415, 6.1021769356812, 0
672, 0.26354056047105, 5.8252128146189, 0
673, 9.7365212350226, 7.7998248160851, 0
674, 9.4643607534235, 7.5486175355258, 0
675, 9.7258217712884, 7.2452513204615, 0
676, 9.7316078943271, 7.5234251074402, 0
677, 9.7465095603771, 8.9000380118218, 0
678, 9.4905586026663, 8.6391791002835, 0
679, 9.7430202981769, 8.350269073677, 0
680, 9.7450258072939, 8.6251539320771, 0
681, 0.53158583838022, 3.066394127741, 0
682, 0.26581294689824, 3.0608436211033, 0
683, 8.3314265226686, 0.84427070378037, 0
684, 8.609102489007, 1.1240102491913, 0
685, 8.6095876516513, 0.84279561979849, 0
686, 4.7665010384185, 4.9690836026981, 0
687, 4.5171472773523, 4.71273527882, 0
688, 5.021999923691, 4.7082269760125, 0
689, 4.7689642048228, 4.7099926248158, 0
690, 5.5182259363029, 5.2280082662465, 0
691, 5.7776058427548, 4.9715861672886, 0
692, 6.0216828623825, 5.2333079236139, 0
693, 5.7701715314683, 5.2300650634081, 0
694, 9.453327605433, 3.6330241871954, 0
695, 9.7267545380179, 3.621814101158, 0
696, 2.7672047164296, 0.86049828036877, 0
697, 2.4883950754918, 0.85828452153783, 0
698, 7.2192727599479, 0.84825629984823, 0
699, 7.7751783414416, 0.84662048242447, 0
700, 7.4960331462342, 1.130241641743, 0
701, 7.4971651054834, 0.84751155248953, 0
702, 1.6165661301531, 6.8029454304916, 0
703, 1.8296394427527, 6.5338485923996, 0
704, 2.0733894381375, 6.7646129507732, 0
705, 1.8581689516056, 7.0118644955237, 0
706, 1.8447678028785, 6.7780038857169, 0
707, 3.0429987734696, 1.1506216444929, 0
708, 3.0464744808863, 0.86210030013101, 0
709, 8.9045309717151, 3.6593338245732, 0
710, 9.1746673061376, 3.3655927560699, 0
711, 9.1850900510265, 3.9233120288793, 0
712, 9.1794335492397, 3.6453044415861, 0
713, 0.27226499177455, 7.7884488381793, 0
714, 0.5347028400239, 8.0818507038989, 0
715, 0.26342499645559, 8.3455612354747, 0
716, 0.26765124533931, 8.0678443708971, 0
717, 1.0509348127974, 3.6290112618977, 0
718, 1.3201459806889, 3.3622881463564, 0
719, 1.5730937387765, 3.6432868556708, 0
720, 1.3056408058469, 3.9071913554219, 0
721, 1.3124593948559, 3.6354410611251, 0
722, 8.2453797353867, 9.4804361088628, 0
723, 8.2477590975327, 9.740153787574, 0
724, 1.0363693486106, 4.7167155259442, 0
725, 1.2956136671814, 4.4473667984518, 0
726, 1.547506879308, 4.7163087991937, 0
727, 1.2915613945398, 4.9844089848471, 0
728, 1.2927591745124, 4.7162030033337, 0
729, 8.209681325882, 7.4425112862609, 0
730, 8.4521571308742, 7.6668732386948, 0
731, 8.2202127134057, 7.9366162518162, 0
732, 7.9747039065422, 7.7004948304775, 0
733, 8.2139474663915, 7.6864922795676, 0
734, 6.1091253650368, 0.85099241182436, 0
735, 6.6639296317011, 0.84953522260015, 0
736, 6.3855061727717, 1.1334332955616, 0
737, 6.3864743269428, 0.85020684137375, 0
738, 8.6082082305135, 2.2525534834625, 0
739, 8.328920873172, 1.9734843933294, 0
740, 8.6083016822004, 1.6873293601045, 0
741, 8.6081076221633, 1.9696407778299, 0
742, 1.5937059543109, 3.0973778698997, 0
743, 1.0628771302631, 3.0794203053225, 0
744, 1.3366837034409, 2.8112164548856, 0
745, 1.3283523841513, 3.0875665655943, 0
746, 4.9994242181528, 0.85610791470515, 0
747, 5.5545064043198, 0.85311959915665, 0
748, 5.277165325877, 1.1390434796445, 0
749, 5.2770716511001, 0.85451336102585, 0
750, 8.8930482420215, 3.0952957917644, 0
751, 9.1710672395906, 3.0848242918616, 0
752, 4.4431199726171, 0.85957367494719, 0
753, 4.164199222172, 1.1487664593457, 0
754, 4.1643438262294, 0.86115468790613, 0
755, 6.5053907658481, 5.7484088574056, 0
756, 6.2636855237815, 5.4926068927684, 0
757, 6.256458109764, 5.7465036242855, 0
758, 6.7582803987097, 5.5010603077315, 0
759, 6.9962911460582, 5.7530936327037, 0
760, 6.7527505993726, 5.7506433247632, 0
761, 0.7851010907801, 3.8980673366303, 0
762, 0.79287178507358, 3.3484772738061, 0
763, 0.78875115254933, 3.6236523149684, 0
764, 7.7730540486494, 1.4118837737305, 0
765, 8.052443783911, 1.1277056597211, 0
766, 8.3301132450816, 1.40803266243, 0
767, 8.0505925142912, 1.6930686531408, 0
768, 8.0515501676602, 1.4101698443972, 0
769, 2.014522970992, 9.2265921695792, 0
770, 2.266358029606, 8.9781818679159, 0
771, 2.2615737675124, 9.2330586964103, 0
772, 8.6086590961657, 1.4054899578646, 0
773, 1.0368912527234, 5.2570843680955, 0
774, 1.5454225923646, 5.2475442079189, 0
775, 1.2951444571845, 5.5192806989706, 0
776, 1.2922439666561, 5.2520806336626, 0
777, 1.8452194314031, 3.3826057652154, 0
778, 2.0901526317278, 3.6648648480055, 0
779, 1.8214613978097, 3.921032724992, 0
780, 1.8325056652628, 3.6529457235353, 0
781, 0.80180021390278, 2.7956561958966, 0
782, 1.0753228436044, 2.5251576555383, 0
783, 0.80625097868587, 2.518028150427, 0
784, 6.5211319477436, 5.2437752062945, 0
785, 6.2824062982084, 4.9817126107394, 0
786, 6.2722433319296, 5.2378590949643, 0
787, 6.9403169264964, 1.1319186864879, 0
788, 6.9415250470799, 0.84890881270317, 0
789, 1.2609764007768, 9.469486817346, 0
790, 1.2552911107611, 9.7347253695395, 0
791, 0.51969059497009, 4.7190458954744, 0
792, 0.26003949053444, 4.7205862393472, 0
793, 8.0532782094363, 0.84554606793099, 0
794, 9.4646243687298, 4.7366259618846, 0
795, 9.7318761043313, 4.7293086715317, 0
796, 7.6900425153131, 6.4649188045587, 0
797, 7.7295280467097, 6.9442427525173, 0
798, 7.7078462687403, 6.6976329755301, 0
799, 2.2928819254738, 7.9718060422123, 0
800, 2.0690763269478, 7.7139365226268, 0
801, 2.3052220092393, 7.4832745246395, 0
802, 2.2998913317429, 7.7261669386058, 0
803, 5.8313631332139, 1.1356076763428, 0
804, 5.8318275895749, 0.85195013420155, 0
805, 2.2991318065025, 6.5108638255139, 0
806, 2.3070247032063, 7.0006703621299, 0
807, 2.303701390013, 6.7573129940746, 0
808, 7.7340002346574, 7.9642317835887, 0
809, 7.7334885936757, 7.4598843481547, 0
810, 7.7327927184219, 7.712431692622, 0
811, 9.4496062418587, 5.8368573594675, 0
812, 9.7244512757612, 5.8361493634575, 0
813, 2.5236755650388, 8.2315011173234, 0
814, 2.7618406644343, 8.2411162532893, 0
815, 2.53699513244, 7.2446061593662, 0
816, 2.7680985744395, 7.2472736381159, 0
817, 2.5313042964056, 6.2555149107822, 0
818, 2.7663416117821, 6.2521072087186, 0
819, 7.4871970942324, 7.2191144549524, 0
820, 7.2427942457695, 7.2349381921488, 0
821, 7.2320328541311, 6.0000139290537, 0
822, 7.461751166451, 6.2392069965199, 0
823, 7.2318978850709, 6.2446798377675, 0
824, 0.77841165282178, 4.9901015057726, 0
825, 0.78236701612485, 5.5345130062554, 0
826, 0.77957422506314, 5.2623012007543, 0
827, 4.7218156781459, 1.1437627462103, 0
828, 4.7214667737366, 0.85783470076374, 0
829, 0.55477567316609, 7.5158978362614, 0
830, 0.8512695783195, 7.2285547447841, 0
831, 1.1193388067257, 7.5637594530649, 0
832, 0.81701449868361, 7.8197621439402, 0
833, 0.83879517305032, 7.5301454160654, 0
834, 0.27620255348025, 7.5070701732683, 0
835, 0.53865118840053, 6.3698203334739, 0
836, 0.26965524017244, 6.3801862655574, 0
837, 9.4383204012656, 6.9874286476326, 0
838, 9.7203890195331, 6.9646523446605, 0
839, 9.4815489997546, 8.0953055767459, 0
840, 9.7402705632619, 8.0752556669622, 0
841, 3.277230188584, 4.9804084111701, 0
842, 3.5184516511357, 5.2342121487414, 0
843, 3.027253203709, 5.2357936346959, 0
844, 3.2724090054617, 5.2351252047116, 0
845, 0.79728300282301, 3.0724837390673, 0
846, 3.049494773374, 4.2218790745563, 0
847, 3.2922761274949, 3.9779299015829, 0
848, 3.5285414061899, 4.2217289094887, 0
849, 3.2853249676169, 4.4738639574194, 0
850, 3.2889121587306, 4.2237640474656, 0
851, 4.5049111058633, 3.6697313764035, 0
852, 4.7580396217641, 3.3914818562558, 0
853, 5.0244950825664, 3.6529508335077, 0
854, 4.7637857840272, 3.6598713374466, 0
855, 1.3522764502164, 2.2540533971058, 0
856, 1.3650256069185, 1.6925893464332, 0
857, 1.6324741104294, 1.9813097310017, 0
858, 1.3590522910957, 1.9737145985553, 0
859, 2.537859584337, 5.2372589918352, 0
860, 2.7875270942714, 4.980568883033, 0
861, 2.7826159153778, 5.2364119928104, 0
862, 5.7931830837584, 4.4493597216079, 0
863, 5.5416182087491, 4.1824741538538, 0
864, 5.8078079763815, 3.9177492541344, 0
865, 6.0605541824017, 4.1898802969504, 0
866, 5.8007881669794, 4.1848556225143, 0
867, 8.9926113215083, 9.1992618453715, 0
868, 8.492120818384, 9.2141517619975, 0
869, 8.7384711295669, 8.9431018157098, 0
870, 8.7420612151959, 9.2068931284735, 0
871, 0.51915459105668, 8.6338277994294, 0
872, 0.25715259813133, 8.8981604537111, 0
873, 0.25993762550222, 8.6221771095176, 0
874, 9.1891337903669, 5.5579646714389, 0
875, 9.1599379659603, 6.115011258307, 0
876, 8.9099916684775, 5.8237033995579, 0
877, 9.1771211744411, 5.8332146800743, 0
878, 1.5570222436087, 4.182066571781, 0
879, 1.0415525836324, 4.1744022782471, 0
880, 1.2999599751217, 4.1777591997883, 0
881, 7.7431316060168, 8.9783742908037, 0
882, 7.9937468496171, 9.2273971666384, 0
883, 7.7450856254316, 9.2334180075031, 0
884, 5.0144428299412, 5.2268542817295, 0
885, 5.2712903996874, 4.9679528967576, 0
886, 5.2662213143836, 5.2269905636014, 0
887, 6.7802291162416, 4.9998593767253, 0
888, 6.5468993756554, 4.7335193808635, 0
889, 6.8181567171517, 4.4900684148515, 0
890, 7.0428690522232, 4.7635123877294, 0
891, 6.7971244057059, 4.7467917104722, 0
892, 7.0100730238066, 5.2590455871755, 0
893, 6.76740577968, 5.2509625790283, 0
894, 1.5525238308161, 5.7757516071915, 0
895, 1.3099922390188, 6.0524375066761, 0
896, 1.0456013554313, 5.7967443739557, 0
897, 1.3007852436857, 5.7860540199744, 0
898, 7.9851202238838, 7.1976822326077, 0
899, 7.7361488880483, 7.2027579999223, 0
900, 5.5497111459383, 3.6470826372116, 0
901, 5.2854434664267, 3.9167587028661, 0
902, 5.2865783342601, 3.3781712067404, 0
903, 5.2865472064723, 3.6487340057267, 0
904, 3.7689810810854, 4.9776756972494, 0
905, 3.7654942038594, 5.2329905433146, 0
906, 2.082031868568, 7.2396416531373, 0
907, 2.3077394994943, 7.2420485389114, 0
908, 4.0181764127803, 4.719653070868, 0
909, 4.2666092105087, 4.4588902141067, 0
910, 4.2668205835873, 4.7161026607354, 0
911, 2.5475161548026, 4.7229261571145, 0
912, 2.7996935078283, 4.4701178740636, 0
913, 3.0374554095139, 4.7262716822668, 0
914, 2.7930347255802, 4.724965596902, 0
915, 9.1310391873689, 6.7162260917735, 0
916, 9.1794741905583, 7.3030157495451, 0
917, 8.8703448140957, 7.0720071000964, 0
918, 9.1508054570789, 7.0178387613651, 0
919, 6.6614450649184, 1.4156870717705, 0
920, 6.3829189893341, 1.6993004628568, 0
921, 6.1075404619718, 1.417525558408, 0
922, 6.3843553605188, 1.4164877760638, 0
923, 5.5542930358558, 1.4208105005208, 0
924, 5.8303933326683, 1.7017756381068, 0
925, 5.8308997775813, 1.4189323670275, 0
926, 3.6019535026245, 1.7334431826143, 0
927, 3.8874001823664, 2.0221338612031, 0
928, 3.6045544799156, 2.3265501466462, 0
929, 3.3151355989067, 2.0294627642853, 0
930, 3.6021725722671, 2.0278198706349, 0
931, 7.4931498231885, 1.6964943674384, 0
932, 7.2166355187745, 1.4141919654159, 0
933, 7.4947196337679, 1.4132002150306, 0
934, 6.9370609300286, 1.6980984830724, 0
935, 6.9388673903773, 1.4149733281573, 0
936, 1.5176813858626, 9.212109591542, 0
937, 1.7738307579622, 8.9601846577308, 0
938, 1.7666351758932, 9.2195878223927, 0
939, 5.2800070772742, 4.4459817345732, 0
940, 5.2832314046878, 4.1824244578258, 0
941, 7.7078309474204, 5.5211144277356, 0
942, 7.4832975136456, 5.2745140338258, 0
943, 7.7235391294827, 5.0410608398237, 0
944, 7.9494619611381, 5.2830744363098, 0
945, 7.7160218749455, 5.2798741438462, 0
946, 1.614785916639, 2.5428430590554, 0
947, 1.3447591280284, 2.5333125916047, 0
948, 8.239626338552, 8.9619800940499, 0
949, 8.2427189543777, 9.2209882772528, 0
950, 8.3312212162958, 3.1161181164059, 0
951, 8.0484372118183, 3.4186484181624, 0
952, 7.7609563891786, 3.1280763752428, 0
953, 8.0468371238801, 2.8339769751015, 0
954, 8.0467775193577, 3.1241286128027, 0
955, 6.6148066937527, 3.6674123444079, 0
956, 6.3340366968348, 3.9297797523465, 0
957, 6.0792857844548, 3.6514775685959, 0
958, 6.3562234909949, 3.3827071217556, 0
959, 6.3460582602015, 3.6578312329132, 0
960, 7.6915865567843, 6.000644694031, 0
961, 7.4677990641156, 5.7583359569797, 0
962, 7.9305401521631, 5.7683978593178, 0
963, 7.6993645002887, 5.7621155411478, 0
964, 8.9348201865168, 5.2865397262203, 0
965, 9.1995480328597, 5.0152364393729, 0
966, 9.1964068244145, 5.2859452967228, 0
967, 3.0343232061272, 1.731803345431, 0
968, 3.3208355433974, 1.4419778572678, 0
969, 3.0390451026913, 1.4403219010375, 0
970, 2.2782701574562, 8.4713295755422, 0
971, 2.0466409223253, 8.2067118431858, 0
972, 2.285397198158, 8.2203442404235, 0
973, 7.2617451724428, 5.0241786702047, 0
974, 7.2394936960355, 5.5112941248011, 0
975, 7.2485596940661, 5.2672546832747, 0
976, 8.3285107373601, 2.5420543076472, 0
977, 8.6103168445542, 2.820693004623, 0
978, 8.6088230851939, 2.5362030726014, 0
979, 4.7631180671034, 5.2274312439184, 0
980, 7.7702706372128, 1.9788389312721, 0
981, 7.4888018887102, 2.2647730683795, 0
982, 7.2126574887002, 1.9810288113701, 0
983, 7.4912237301812, 1.9802769892795, 0
984, 0.77986343057648, 4.4449883228861, 0
985, 0.77858091042199, 4.7177116797152, 0
986, 8.8457339660948, 6.3901390016523, 0
987, 9.1388100652613, 6.4096861299977, 0
988, 8.9225284552693, 4.2134339641794, 0
989, 8.6688066844908, 4.5003825493285, 0
990, 8.3889231629804, 4.2569124669317, 0
991, 8.640214344152, 3.9567636001785, 0
992, 8.6550889453545, 4.2317165934631, 0
993, 9.2147995628703, 7.8470154406838, 0
994, 8.942706845909, 7.6084821352221, 0
995, 9.2003610338623, 7.5770124972457, 0
996, 8.3461006230805, 3.6961980893893, 0
997, 8.6186631014733, 3.3915561583825, 0
998, 8.6275295641103, 3.6759653155236, 0
999, 2.0467252862149, 5.7590818000825, 0
1000, 2.2904854178634, 5.4966014459724, 0
1001, 2.2916549367438, 6.0084116977892, 0
1002, 2.2902298957059, 5.7533754384205, 0
1003, 3.8841944299166, 1.4398857184699, 0
1004, 3.6027499057052, 1.4417616305759, 0
1005, 7.2059096597858, 2.5497837315009, 0
1006, 6.9217962985556, 2.8321325284595, 0
1007, 6.6506211011241, 2.5465950111587, 0
1008, 6.9316631385636, 2.2647194096995, 0
1009, 6.9275118885757, 2.5483143323361, 0
1010, 6.1051798275358, 1.9825231567793, 0
1011, 5.8288827475005, 2.2652246400152, 0
1012, 5.5545836038093, 1.9862645087908, 0
1013, 5.8297631478887, 1.9839494662628, 0
1014, 2.1833917760911, 1.9990784831709, 0
1015, 1.8972946058149, 2.2727694155193, 0
1016, 1.9070878643297, 1.9897721585266, 0
1017, 9.1959982657425, 4.4727472815239, 0
1018, 9.1909467011846, 4.1991479465342, 0
1019, 3.0197264238924, 2.324666083524, 0
1020, 2.7436038967616, 2.0184953286739, 0
1021, 3.0282870941553, 2.0260295842218, 0
1022, 7.7664240746041, 2.5493497761059, 0
1023, 8.0485426576218, 2.2609547905343, 0
1024, 8.0475665750766, 2.5465636353072, 0
1025, 7.9882273201645, 8.71411556089, 0
1026, 7.7385780064553, 8.4698112217634, 0
1027, 7.7409525985699, 8.7237865023384, 0
1028, 7.3117284764819, 4.5414903742446, 0
1029, 7.5093992561049, 4.8000681195648, 0
1030, 7.2811033529476, 4.7826587827993, 0
1031, 1.8054113927534, 4.452722651586, 0
1032, 2.0657081434509, 4.1939843755649, 0
1033, 1.812407274365, 4.1874636403006, 0
1034, 8.6132877781591, 3.1059788032838, 0
1035, 4.1664129599899, 1.7254785222272, 0
1036, 4.444253066361, 1.4332490132676, 0
1037, 4.1647504788134, 1.4368525287819, 0
1038, 8.0495789349708, 1.9765797954118, 0
1039, 4.0154404859846, 4.2090585735156, 0
1040, 4.258416852444, 3.9429234124745, 0
1041, 4.2640677111273, 4.2013055911811, 0
1042, 8.9365797682336, 4.7535084928593, 0
1043, 9.1991722218822, 4.7445162320886, 0
1044, 2.4499534545037, 2.2975684882205, 0
1045, 2.4620213758261, 2.0089399371173, 0
1046, 3.771929433734, 4.4689414400093, 0
1047, 3.76512601014, 3.9657284410328, 0
1048, 3.7703297950686, 4.2163640262584, 0
1049, 7.2341631557255, 5.7556125851032, 0
1050, 2.0279213616572, 8.7135688485512, 0
1051, 2.2718954940256, 8.7241300462335, 0
1052, 5.0037772183065, 1.9941678178607, 0
1053, 5.2782670473359, 1.7068426724546, 0
1054, 5.2808233786258, 2.2712354227762, 0
1055, 5.2793683535729, 1.9896311672436, 0
1056, 1.0606956986777, 8.1206179606557, 0
1057, 0.78677300101404, 8.3739603255302, 0
1058, 0.79979776325769, 8.0992049075512, 0
1059, 5.5305153628605, 4.7087246680022, 0
1060, 5.2759542316413, 4.7077213562854, 0
1061, 5.8189459500346, 3.3755945808601, 0
1062, 5.8139273505107, 3.6479679896489, 0
1063, 7.904958256867, 6.2361082961188, 0
1064, 7.6868199213854, 6.2348631904914, 0
1065, 5.0004417727719, 1.4261675889798, 0
1066, 5.277543433323, 1.4232209185799, 0
1067, 1.1220056068149, 6.8974922509882, 0
1068, 0.82083638669288, 6.6363994580957, 0
1069, 0.84072251734413, 6.9266668347535, 0
1070, 7.9811436046904, 8.2042341892406, 0
1071, 7.7361475329584, 8.2166027121204, 0
1072, 7.4815226907543, 2.8374722981575, 0
1073, 7.4856783128967, 2.5503245436295, 0
1074, 4.7245223440787, 1.7150775039044, 0
1075, 4.72275575319, 1.429573861153, 0
1076, 9.2461368223526, 9.4607786577331, 0
1077, 9.4986673174368, 9.7276805391506, 0
1078, 9.2481492608366, 9.7303551772493, 0
1079, 3.5258365797228, 4.7252571142677, 0
1080, 3.7712492290093, 4.7228735863238, 0
1081, 1.5351659819953, 8.6883668326978, 0
1082, 1.7932860006891, 8.4444323172839, 0
1083, 1.7825488786991, 8.701613367732, 0
1084, 9.7485401534062, 9.449944641098, 0
1085, 9.7493023921223, 9.7249619736635, 0
1086, 9.495502366359, 9.1832120525654, 0
1087, 9.7476399226537, 9.1749662536059, 0
1088, 0.79467874496743, 6.0805735367711, 0
1089, 1.068107285239, 6.3386306215889, 0
1090, 0.80557107371452, 6.3561993982401, 0
1091, 2.0568226499493, 6.2696705166155, 0
1092, 2.2947705071318, 6.2611055134262, 0
1093, 2.0452470980955, 5.2407340333268, 0
1094, 2.2955275466317, 4.9798701517848, 0
1095, 2.2922676251435, 5.2386231738888, 0
1096, 3.2814672540303, 4.726429400872, 0
1097, 0.78208750843933, 4.1718110000928, 0
1098, 6.3071749353554, 4.4624928157383, 0
1099, 6.0400670028622, 4.7162979863696, 0
1100, 6.2941607814825, 4.7235019778485, 0
1101, 1.5634828307816, 8.168683867828, 0
1102, 1.8225384206491, 7.9391365630025, 0
1103, 1.8065378801649, 8.1896477747617, 0
1104, 6.6575380838324, 1.9814795128786, 0
1105, 6.3785508071192, 2.2638135802821, 0
1106, 6.3810509945324, 1.9817818418529, 0
1107, 7.4670626160788, 3.4208479527551, 0
1108, 7.1930569959931, 3.1223730874178, 0
1109, 7.4757395028591, 3.1271172398498, 0
1110, 4.7315571650986, 2.2835695065317, 0
1111, 4.4496237684414, 2.0068357690584, 0
1112, 4.7273791089058, 1.9999272604022, 0
1113, 2.412878435677, 2.8678595778916, 0
1114, 2.1583498495199, 2.5678953253202, 0
1115, 2.7142010713687, 2.6055405571584, 0
1116, 2.4336932884951, 2.584717806153, 0
1117, 4.1760348113016, 2.3034769954029, 0
1118, 4.1698424249665, 2.0145460901553, 0
1119, 0.78720759334115, 5.8070692951753, 0
1120, 7.7529007907568, 3.7334749627604, 0
1121, 8.0800662816991, 4.0193695078812, 0
1122, 8.0549523311838, 3.7202948577399, 0
1123, 8.1645188574398, 4.5475638121844, 0
1124, 8.1256053098824, 4.2952410299619, 0
1125, 6.9347359406517, 1.9813310656062, 0
1126, 1.8727716733237, 2.8332714393226, 0
1127, 2.1240836348708, 3.1247448774455, 0
1128, 1.8589464271784, 3.1094690106238, 0
1129, 5.0181858702181, 3.1108095643345, 0
1130, 5.2842533204097, 2.8292886171617, 0
1131, 5.5538600877455, 3.1017687010365, 0
1132, 5.2857166022857, 3.1049996666418, 0
1133, 5.7853495345198, 4.7114881258996, 0
1134, 6.5813282389558, 4.2101147465561, 0
1135, 6.3207733576944, 4.1980349100285, 0
1136, 8.4260700908332, 4.7774121591908, 0
1137, 8.6816758553627, 5.0256647261966, 0
1138, 8.6782043208251, 4.7642917217091, 0
1139, 0.25307627338714, 9.4492703301525, 0
1140, 0.25147907572759, 9.7246522888758, 0
1141, 0.50945340257035, 9.1810977766771, 0
1142, 0.25491922407482, 9.1738031685112, 0
1143, 3.7305773671441, 3.4700970338586, 0
1144, 3.9974011506909, 3.6991056981756, 0
1145, 3.5203477820018, 3.7334464161832, 0
1146, 3.753678119499, 3.7174454307342, 0
1147, 2.6537021405523, 3.1720534890136, 0
1148, 2.3655269809956, 3.414718559147, 0
1149, 2.3890879022598, 3.1446851022789, 0
1150, 4.2349808957515, 3.4192357348463, 0
1151, 4.2488328262999, 3.6828011348181, 0
1152, 2.8674727329366, 3.4683626370426, 0
1153, 2.9711940856373, 2.9336276675225, 0
1154, 2.9161855984954, 3.2129708747105, 0
1155, 3.9044599362625, 2.6094273892153, 0
1156, 3.6396176188602, 2.935579528865, 0
1157, 3.3086010031338, 2.644440870795, 0
1158, 3.6123882664256, 2.632437526074, 0
1159, 1.0159869013226, 9.1964269285402, 0
1160, 0.76927254291748, 8.917826268092, 0
1161, 0.76324257290262, 9.1886440141922, 0
1162, 1.275344618032, 8.9392436439209, 0
1163, 1.2674883251751, 9.2043173541215, 0
1164, 5.5548918760897, 2.5474341248685, 0
1165, 6.100897965667, 2.5446930234757, 0
1166, 5.825629483023, 2.8239765942838, 0
1167, 5.8275765536075, 2.5453333957528, 0
1168, 1.8857717120865, 2.5541834696546, 0
1169, 2.5953893315288, 3.6969596320175, 0
1170, 2.3287949089481, 3.9411757094414, 0
1171, 2.3450587454566, 3.6794840466717, 0
1172, 3.0052681110908, 2.630515069579, 0
1173, 4.7438554851574, 2.8441589699135, 0
1174, 4.4843938518968, 3.1322721404772, 0
1175, 4.7511160954332, 3.1196485721803, 0
1176, 6.3705367514438, 2.8257921800215, 0
1177, 6.3751547011099, 2.545231123344, 0
1178, 6.8659928135673, 3.957591589375, 0
1179, 7.1027109946901, 4.2528714843099, 0
1180, 6.8420855318808, 4.2275040661321, 0
1181, 8.2315254706476, 8.4462578747847, 0
1182, 8.4844101152364, 8.6922144182728, 0
1183, 8.2359453585908, 8.7036328569275, 0
1184, 8.9847961441658, 8.6667508283508, 0
1185, 8.7280568010016, 8.4174364691375, 0
1186, 8.7339449020168, 8.6798694041854, 0
1187, 1.7974096196967, 4.9807852252191, 0
1188, 1.7974952235538, 5.5057512785366, 0
1189, 1.7963850975995, 5.2437127133683, 0
1190, 6.6377676800156, 3.1099596602635, 0
1191, 6.0928510141348, 3.1020115830613, 0
1192, 6.3643344213255, 3.105129595076, 0
1193, 8.4032626762132, 5.7927946333331, 0
1194, 8.1441494108868, 6.020055476059, 0
1195, 8.1780454101984, 5.5323255322983, 0
1196, 8.1640043887142, 5.7785549607738, 0
1197, 1.0324178505648, 8.6600762022467, 0
1198, 0.77689121682792, 8.6464536531497, 0
1199, 5.0100962401519, 2.5570777278297, 0
1200, 5.282522382939, 2.55125486046, 0
1201, 9.2408516509537, 8.9220968228694, 0
1202, 9.2437802703917, 9.1913380293984, 0
1203, 4.4628979372722, 2.5762488703348, 0
1204, 4.2006382093651, 2.8736789256022, 0
1205, 4.1861590067109, 2.5907104880024, 0
1206, 9.2319177527795, 8.3843683276288, 0
1207, 8.9709245407816, 8.1363453830602, 0
1208, 9.2248283175917, 8.1157921161968, 0
1209, 1.0954725322098, 1.4060512758837, 0
1210, 1.374770639168, 1.1289674324435, 0
1211, 1.3702325164281, 1.4109390416991, 0
1212, 1.3823623191817, 0.56457543368959, 0
1213, 1.108398277633, 0.28134847843478, 0
1214, 1.3856912940458, 0.28229468456165, 0
1215, 0.82900876252628, 0.56082312934207, 0
1216, 1.1025554300774, 0.8439371712425, 0
1217, 0.8240776227223, 1.1213968111963, 0
1218, 0.82665559977999, 0.84116247811617, 0
1219, 4.7371292727933, 2.5652525668387, 0
1220, 3.9519981061951, 3.1755645488892, 0
1221, 4.2179655642621, 3.1500275490507, 0
1222, 9.2370434124637, 8.6531041827293, 0
1223, 5.822815519635, 3.1008360447343, 0
1224, 0.8212099727259, 1.4014617508666, 0
1225, 2.3071982022189, 4.4611825311635, 0
1226, 2.564059011774, 4.2093418165124, 0
1227, 2.3164302779628, 4.2014545962165, 0
1228, 1.8073123932331, 6.0256948220973, 0
1229, 1.8010104919825, 5.7665941590777, 0
1230, 2.0514021931671, 4.7186184318636, 0
1231, 2.3003992511499, 4.7206591911376, 0
1232, 3.0707499337796, 3.7328754389022, 0
1233, 2.8202300338167, 3.9651567533141, 0
1234, 2.8381376952366, 3.7161887947041, 0
1235, 8.4904621422929, 6.5923421444998, 0
1236, 8.5317939590936, 6.9471174911122, 0
1237, 8.2606931317051, 6.9981697986289, 0
1238, 8.3672381825236, 6.8057082039229, 0
1239, 8.6691386988882, 5.5471655918643, 0
1240, 8.4292853280445, 5.2855881867104, 0
1241, 8.6787821740916, 5.2862609882006, 0
1242, 7.9519807271015, 4.804929812405, 0
1243, 7.7301897400595, 4.8087711833656, 0
1244, 2.8083010201295, 4.216624790412, 0
1245, 8.1888752160753, 5.0376109725181, 0
1246, 8.183178512463, 4.7922329043077, 0
1247, 1.6124191649584, 7.6667367801102, 0
1248, 1.856063278936, 7.4627496269193, 0
1249, 1.8403485049707, 7.6959600470681, 0
1250, 3.6880757272072, 3.2149152250644, 0
1251, 1.2980620376247, 8.4094485623421, 0
1252, 1.2852182906631, 8.6742834057658, 0
1253, 8.4722606444863, 8.174332689138, 0
1254, 8.2262619757253, 8.1903275521917, 0
1255, 8.6227966312233, 6.072916085052, 0
1256, 8.6515150882442, 5.8091155593666, 0
1257, 7.4172210484608, 4.0187424236431, 0
1258, 7.1639503513424, 3.6987747639627, 0
1259, 7.4520720476434, 3.7213539541166, 0
1260, 6.9024655178273, 3.3994500534027, 0
1261, 6.9137937517604, 3.1160419967702, 0
1262, 3.2954126104602, 3.7399074683186, 0
1263, 1.3398211807662, 7.8805058308607, 0
1264, 1.3153692750042, 8.1447764760048, 0
1265, 1.3771852336989, 7.6183132703352, 0
1266, 8.1865001839051, 5.2846856832403, 0
1267, 1.800427482907, 4.7171178070982, 0
1268, 1.3787679457883, 0.84681648890578, 0
1269, 6.8866508897753, 3.6808081929286, 0
1270, 0.83120945266377, 0.28042467541031, 0
1271, 1.3458219934744, 6.5838916804448, 0
1272, 1.3806859066427, 6.8472242742396, 0
1273, 7.3614120164247, 4.2922053347083, 0
1274, 8.336924242218, 6.2852841349179, 0
1275, 8.1184848767108, 6.2507578992627, 0
1276, 8.7093165307094, 7.8966401500846, 0
1277, 8.6693347259188, 7.3887232272436, 0
1278, 8.6936550481572, 7.6400087305658, 0
1279, 1.5732487295688, 6.2986665773537, 0
1280, 1.8168075306861, 6.2820636051188, 0
1281, 8.4197410966719, 7.2036039082361, 0
1282, 8.6260866096201, 7.1488347258916, 0
1283, 8.7201811979031, 8.1561608986484, 0
1284, 1.324146447326, 6.3184418265069, 0
1285, 8.5753617143711, 6.3394971048676, 0
1286, 1.863167283169, 7.2374241419508, 0
1287, 8.2153540615414, 7.209242398325, 0